customer_id,recency,frequency,monetary
C00001,386,2,651.6500000000001
C00002,231,17,3996.0899999999997
C00003,17,4,968.6700000000001
C00004,332,4,1094.36
C00006,352,1,112.34
C00008,79,8,1487.7
C00009,40,3,471.98
C00010,398,2,402.54
C00012,56,12,3583.7799999999997
C00013,242,4,1186.4099999999999
C00014,901,1,390.83
C00016,295,2,391.66999999999996
C00017,312,2,509.55
C00018,65,5,1242.8899999999999
C00019,33,5,1529.94
C00020,528,2,351.65
C00021,625,3,887.73
C00023,7,3,750.1600000000001
C00024,941,1,405.25
C00025,360,2,546.45
C00026,158,9,2509.04
C00028,45,4,928.55
C00029,668,1,330.6
C00031,639,2,487.01000000000005
C00034,8,14,3031.48
C00035,11,15,2959.71
C00036,268,4,998.93
C00037,344,1,164.97
C00039,350,3,972.19
C00040,206,4,1197.2
C00042,59,5,1277.67
C00043,949,1,53.93
C00044,184,7,2335.84
C00046,306,6,1269.98
C00048,17,3,650.22
C00049,201,7,1589.63
C00051,12,20,4751.56
C00052,176,3,726.31
C00053,2,23,4817.22
C00054,58,8,1416.47
C00055,374,4,1201.43
C00056,2,19,3816.36
C00058,57,1,300.8
C00060,601,2,279.34000000000003
C00061,69,2,918.0
C00062,246,2,247.22
C00063,437,7,1577.42
C00064,195,4,1170.44
C00065,659,2,687.09
C00066,21,5,1182.87
C00067,492,1,318.66
C00068,261,2,255.25
C00070,126,17,4733.62
C00071,57,7,1712.39
C00072,305,1,404.91
C00074,222,8,1376.19
C00075,17,5,1761.3
C00076,45,3,778.43
C00077,5,8,1083.81
C00079,390,1,157.34
C00081,262,12,3558.98
C00082,498,2,430.18
C00083,887,1,435.18
C00085,140,1,401.98
C00086,902,1,395.86
C00087,230,7,1823.0
C00088,12,3,558.27
C00089,68,10,2202.52
C00090,62,4,1477.7
C00091,215,1,312.23
C00092,31,4,837.31
C00093,285,7,1617.25
C00094,74,5,1452.33
C00095,117,7,1737.02
C00096,77,3,979.06
C00097,246,2,639.76
C00098,127,5,1310.12
C00099,777,1,44.76
C00100,545,1,245.06
C00102,40,4,1064.35
C00103,69,3,508.03
C00104,425,1,203.75
C00105,107,13,3570.11
C00106,106,3,671.15
C00107,760,2,273.2
C00108,121,6,1710.4299999999998
C00109,277,2,597.04
C00110,333,1,339.47
C00111,90,2,493.12
C00112,777,1,424.35
C00113,79,11,3360.88
C00114,93,5,1460.56
C00115,36,9,2028.71
C00116,50,7,1388.54
C00117,48,10,2653.45
C00118,147,3,564.62
C00119,109,15,2850.38
C00120,258,3,813.15
C00121,153,7,1971.82
C00122,1,17,3672.0499999999997
C00123,382,1,388.0
C00125,667,1,469.82
C00126,112,4,711.65
C00127,36,5,1018.06
C00128,48,7,1434.82
C00130,63,6,939.3000000000001
C00131,637,2,731.0699999999999
C00133,160,1,91.95
C00134,238,4,668.8
C00135,13,10,3002.01
C00137,367,2,632.96
C00138,318,7,1716.7
C00139,984,1,220.28
C00140,3,15,3165.3
C00141,10,13,3645.07
C00142,306,2,360.51
C00143,338,3,381.98
C00144,49,4,708.58
C00146,919,1,472.36
C00147,14,4,812.36
C00148,354,2,175.35
C00149,786,1,195.25
C00150,416,1,200.1
C00151,164,7,1511.27
C00153,429,2,261.09000000000003
C00154,55,3,726.71
C00155,27,16,4101.04
C00156,895,2,359.90000000000003
C00157,63,5,1099.58
C00158,504,3,599.36
C00159,886,1,274.78
C00160,172,8,2224.7
C00161,339,3,849.27
C00162,611,4,1273.26
C00163,191,6,1879.1
C00164,516,4,1005.39
C00166,132,8,1104.1
C00167,79,2,613.3
C00168,682,2,498.62
C00170,38,2,254.07999999999998
C00171,380,5,1299.92
C00173,209,4,1266.68
C00174,210,3,1011.8299999999999
C00175,160,3,818.03
C00177,42,5,1428.77
C00178,613,1,294.23
C00179,132,17,4296.95
C00181,288,6,967.15
C00183,26,6,1331.38
C00184,164,9,2573.91
C00185,15,3,1161.97
C00187,113,7,2000.89
C00188,193,4,1133.4
C00189,9,3,1379.17
C00190,42,2,604.96
C00192,118,13,3317.18
C00193,198,7,1620.11
C00194,385,3,965.51
C00195,245,1,277.22
C00196,71,2,494.44000000000005
C00197,43,3,709.93
C00198,5,7,1496.8799999999999
C00199,227,12,2911.96
C00200,103,8,1687.8
C00201,196,6,1659.64
C00204,2,4,835.8199999999999
C00205,151,7,1423.35
C00207,268,2,444.83
C00208,12,7,1869.55
C00210,491,1,338.88
C00211,197,4,968.9100000000001
C00212,262,5,1019.9
C00213,152,5,1817.17
C00214,81,1,86.45
C00215,260,11,3460.0
C00216,115,3,762.09
C00217,94,4,1071.3600000000001
C00218,16,7,1408.64
C00219,58,4,1494.76
C00220,2,7,1476.14
C00221,44,3,723.03
C00222,39,2,727.99
C00223,958,1,43.74
C00225,352,2,586.1800000000001
C00226,255,1,253.89
C00227,106,19,4278.27
C00228,673,1,169.62
C00229,224,9,1860.59
C00230,48,7,1258.3899999999999
C00231,101,8,2063.26
C00232,280,4,1068.6100000000001
C00233,137,3,1155.73
C00234,95,3,320.37
C00236,27,8,2355.21
C00237,879,1,70.39
C00239,71,6,1141.74
C00241,28,18,5605.35
C00242,12,16,2799.68
C00243,28,9,2418.96
C00244,109,4,1381.48
C00246,76,12,3381.15
C00247,757,1,14.68
C00248,28,15,3701.7
C00249,148,12,3863.79
C00250,57,6,1407.23
C00251,818,3,798.2099999999999
C00252,169,3,707.29
C00253,43,10,1887.4299999999998
C00255,660,1,410.76
C00256,241,3,591.1999999999999
C00257,96,12,3208.8
C00258,130,5,1378.62
C00259,339,2,494.75
C00261,312,4,662.2
C00262,60,21,5791.01
C00263,908,1,35.58
C00264,249,5,1174.35
C00265,45,12,2810.09
C00266,61,8,2185.22
C00267,89,9,2617.7200000000003
C00268,71,4,1810.9499999999998
C00269,122,2,731.67
C00270,56,4,984.37
C00271,242,8,2343.73
C00272,134,9,1751.4099999999999
C00273,104,6,1197.7
C00274,123,17,4387.64
C00275,841,2,167.01999999999998
C00276,838,2,602.77
C00277,46,11,2865.7799999999997
C00278,77,6,1318.87
C00279,58,6,1690.18
C00280,25,9,2356.92
C00281,145,11,3226.75
C00282,664,2,403.4
C00283,594,3,616.47
C00285,616,3,436.24
C00287,105,2,457.61
C00288,53,3,1001.1700000000001
C00289,754,1,372.6
C00290,193,6,1853.73
C00292,105,1,182.67
C00293,31,6,1212.96
C00294,239,2,250.38
C00295,219,2,485.27
C00296,120,3,1063.73
C00297,5,10,2983.13
C00298,95,1,208.5
C00299,336,5,1667.33
C00302,214,1,139.67
C00303,201,3,613.22
C00304,29,1,154.1
C00305,201,8,1703.15
C00306,14,17,3157.7799999999997
C00307,523,3,933.56
C00309,117,7,1910.5
C00310,118,2,326.53
C00311,250,3,341.75
C00314,84,16,4180.24
C00315,77,11,2740.6
C00316,126,4,681.8100000000001
C00318,615,1,389.54
C00319,833,1,114.04
C00320,929,1,27.9
C00321,846,1,476.55
C00322,144,10,2529.23
C00323,261,5,923.61
C00324,221,4,690.53
C00325,5,14,4107.56
C00326,164,7,1353.22
C00327,28,7,2264.16
C00328,222,4,784.66
C00329,273,2,499.83000000000004
C00330,296,2,577.24
C00331,76,3,588.65
C00332,2,9,2978.14
C00333,38,1,428.89
C00334,240,3,696.4300000000001
C00337,365,3,438.84000000000003
C00338,26,7,2221.42
C00339,359,3,531.8
C00341,635,1,233.08
C00342,704,1,309.04
C00344,258,4,838.04
C00345,51,2,519.55
C00346,107,4,1092.51
C00347,206,3,613.23
C00349,173,3,862.98
C00350,241,8,1731.33
C00351,338,2,619.53
C00352,11,6,1251.85
C00353,39,5,1167.21
C00356,59,3,520.03
C00358,4,5,1901.8400000000001
C00359,57,10,2882.26
C00361,1,4,727.33
C00362,121,4,874.55
C00363,291,4,1046.63
C00364,73,5,646.48
C00365,84,8,3058.02
C00366,782,2,543.14
C00367,5,19,4349.36
C00368,56,8,1657.66
C00369,831,1,238.55
C00371,998,1,440.24
C00373,248,2,511.08
C00374,234,7,2179.11
C00376,40,2,427.07
C00377,168,11,1628.3999999999999
C00379,27,12,1703.53
C00380,149,1,91.67
C00382,315,6,1455.77
C00383,395,5,1344.5
C00384,35,15,3457.85
C00385,151,8,2425.75
C00386,139,12,3838.64
C00387,588,1,73.56
C00388,276,1,58.72
C00389,328,5,551.66
C00390,80,12,2327.07
C00391,81,23,6201.01
C00392,42,4,1042.99
C00394,459,5,1178.8899999999999
C00395,343,1,229.91
C00396,183,14,2721.08
C00397,22,7,2383.64
C00398,153,2,244.95999999999998
C00399,170,8,1882.94
C00400,85,7,1769.35
C00402,47,16,3698.09
C00403,413,4,1194.23
C00404,85,6,1916.98
C00405,381,1,391.86
C00406,197,8,2191.26
C00407,79,4,1008.62
C00409,48,9,2579.49
C00410,708,1,28.64
C00411,499,1,269.32
C00412,159,9,2689.7400000000002
C00413,129,14,3862.32
C00414,616,3,621.24
C00415,219,6,841.48
C00418,281,1,158.53
C00419,48,8,2050.0
C00420,92,3,781.92
C00421,406,3,358.25
C00422,224,9,2037.69
C00423,838,1,427.37
C00424,973,1,355.17
C00426,105,4,1606.64
C00427,556,2,439.39
C00428,297,11,3464.62
C00430,451,1,479.04
C00432,52,7,2139.5299999999997
C00433,169,3,561.22
C00434,945,1,104.71
C00435,42,1,417.94
C00436,50,3,965.11
C00437,289,1,403.4
C00438,61,8,2032.98
C00439,11,9,2711.26
C00442,67,17,4462.09
C00443,855,1,102.23
C00444,330,1,239.85
C00445,39,6,1117.64
C00446,42,18,3940.17
C00447,21,23,4205.74
C00448,2,4,758.93
C00449,132,3,776.29
C00451,159,6,1531.54
C00452,174,6,1767.2
C00453,8,6,1491.44
C00454,40,13,4049.06
C00456,375,2,700.22
C00458,170,2,777.8
C00460,159,1,486.39
C00461,304,1,382.16
C00462,370,8,2453.52
C00463,265,5,762.9599999999999
C00464,145,7,1572.29
C00465,1,21,4996.97
C00466,220,2,702.63
C00467,342,1,234.48
C00468,345,5,1033.82
C00469,16,2,785.86
C00470,16,13,2616.17
C00471,933,1,386.89
C00472,119,18,4495.13
C00474,56,12,3977.93
C00475,118,4,686.88
C00476,27,22,5574.76
C00478,186,3,282.31
C00479,52,20,6650.3
C00480,841,1,130.65
C00481,870,2,817.04
C00482,18,8,1877.82
C00483,145,4,780.0799999999999
C00484,162,4,1168.79
C00485,386,1,393.45
C00486,177,9,2394.25
C00488,324,2,68.13
C00489,86,15,4779.86
C00490,24,10,2711.86
C00491,35,3,1045.26
C00492,335,3,766.1700000000001
C00493,435,1,454.11
C00495,186,5,895.03
C00496,157,1,155.43
C00497,197,4,1444.97
C00498,888,1,350.34
C00499,20,23,5062.85
C00500,115,21,4905.46
C00501,295,6,1605.79
C00502,77,3,913.35
C00503,89,2,419.52
C00504,573,2,141.26
C00505,169,5,1438.65
C00506,365,3,474.62
C00507,4,7,1993.2
C00508,190,5,1321.39
C00509,100,18,4319.1
C00510,33,6,1462.16
C00511,36,5,828.99
C00512,89,5,733.9699999999999
C00513,169,12,3493.98
C00514,264,7,1541.46
C00515,255,1,55.53
C00517,197,4,1271.18
C00518,16,9,2366.86
C00519,104,26,7960.26
C00521,1,8,2478.09
C00522,447,1,457.1
C00523,104,14,3054.16
C00524,6,10,2393.22
C00525,119,8,2418.55
C00526,682,2,284.92
C00527,781,2,471.39
C00528,651,2,716.75
C00529,1,1,166.1
C00530,424,6,1240.21
C00531,61,10,2631.46
C00532,61,40,10346.28
C00533,19,25,7378.67
C00534,225,6,1868.45
C00535,20,6,1615.47
C00536,111,16,4254.8
C00537,5,8,2226.2
C00538,299,1,135.63
C00539,189,4,963.55
C00541,187,10,3224.11
C00542,312,4,799.8399999999999
C00543,953,1,455.26
C00544,893,1,46.35
C00545,469,2,600.1700000000001
C00546,553,2,684.02
C00547,261,1,207.41
C00548,53,3,870.14
C00549,466,3,698.01
C00550,46,6,1935.51
C00551,648,3,911.16
C00552,118,8,2082.7799999999997
C00553,116,5,1359.42
C00554,57,1,291.52
C00555,549,6,2078.9
C00556,595,3,1183.72
C00557,945,1,64.68
C00559,51,5,1232.48
C00560,268,6,1954.23
C00561,66,4,1125.46
C00562,566,1,42.69
C00563,811,1,311.82
C00565,293,1,497.02
C00566,263,3,311.09000000000003
C00567,995,1,206.94
C00568,495,2,140.27
C00569,67,16,4211.46
C00570,944,1,137.4
C00572,256,6,2658.59
C00573,822,1,372.92
C00574,481,2,752.0899999999999
C00575,145,14,4640.25
C00576,544,8,2938.52
C00578,18,17,4094.49
C00579,912,1,354.11
C00581,80,2,624.1300000000001
C00582,30,22,6145.82
C00583,102,3,626.26
C00584,450,1,337.17
C00585,335,5,1315.45
C00586,324,3,725.3900000000001
C00590,229,1,129.27
C00591,85,1,36.83
C00592,163,2,491.13
C00593,718,1,157.72
C00594,577,1,122.57
C00595,178,7,1765.08
C00596,128,5,1241.09
C00597,338,7,1714.1
C00601,811,2,467.27
C00602,186,1,391.06
C00603,816,2,450.54999999999995
C00605,398,1,108.59
C00606,591,2,113.43
C00607,502,1,201.02
C00608,751,2,276.71999999999997
C00609,594,1,432.21
C00610,336,3,339.03000000000003
C00612,263,7,1997.28
C00613,2,4,1020.61
C00615,42,12,3424.7599999999998
C00616,165,12,2336.73
C00618,758,2,380.21000000000004
C00619,93,12,2805.92
C00620,92,6,1446.47
C00621,714,2,440.15
C00622,878,1,456.01
C00623,115,3,503.09999999999997
C00624,88,3,902.81
C00625,393,4,1198.47
C00626,778,2,853.86
C00627,364,4,1110.54
C00628,173,3,1074.33
C00630,98,2,362.78999999999996
C00631,168,6,1651.93
C00632,129,14,3502.49
C00633,43,7,2139.5
C00634,174,2,296.26
C00635,420,1,56.46
C00636,435,2,443.40000000000003
C00637,570,2,265.81
C00639,160,3,824.19
C00640,638,1,472.88
C00642,11,7,1793.07
C00643,236,1,487.48
C00644,2,3,756.78
C00646,11,9,1488.44
C00647,61,5,1577.3300000000002
C00648,367,4,734.7
C00649,42,7,1957.47
C00650,227,4,884.12
C00651,773,1,107.61
C00652,412,2,461.85
C00653,275,2,623.54
C00654,150,8,1469.04
C00655,1,5,1075.97
C00659,205,2,653.93
C00660,464,3,652.31
C00661,45,3,851.72
C00662,2,22,6342.72
C00663,159,6,1827.35
C00665,685,1,455.78
C00666,486,1,48.87
C00667,37,3,581.63
C00668,600,1,300.79
C00669,850,1,155.19
C00671,131,1,227.08
C00672,49,7,2094.72
C00674,129,5,1693.51
C00675,611,3,762.03
C00676,109,14,3429.67
C00678,414,3,835.9100000000001
C00679,124,15,4652.12
C00680,10,7,1952.92
C00681,409,4,1255.19
C00682,303,2,512.81
C00684,13,4,1227.58
C00685,35,10,2166.73
C00686,164,4,679.02
C00687,309,8,2327.44
C00688,536,1,489.12
C00689,466,2,589.5899999999999
C00691,12,2,806.1800000000001
C00692,480,3,542.3100000000001
C00693,495,3,590.4
C00694,156,2,281.25
C00696,676,1,269.32
C00697,355,3,1035.08
C00698,462,2,444.65999999999997
C00699,69,1,161.89
C00700,48,6,1922.38
C00701,274,2,582.97
C00702,182,1,264.5
C00703,144,3,639.81
C00704,381,1,142.99
C00706,7,25,5663.2
C00708,184,4,640.9200000000001
C00709,927,1,239.8
C00710,302,7,1749.19
C00711,229,2,451.78
C00712,242,3,1040.33
C00713,133,2,438.37
C00714,535,1,288.76
C00715,595,2,637.87
C00716,48,14,4394.87
C00717,8,6,1549.19
C00718,141,13,2696.19
C00719,803,1,324.59
C00720,215,4,1213.97
C00721,4,20,5087.91
C00722,235,1,116.56
C00724,32,7,2031.95
C00725,122,3,874.72
C00726,204,7,2215.0
C00727,85,1,247.18
C00728,27,3,848.49
C00729,751,1,135.14
C00730,293,1,461.99
C00731,181,2,332.72
C00732,4,11,2173.63
C00733,334,5,1799.65
C00734,471,4,779.05
C00735,275,4,1054.8400000000001
C00736,34,10,2631.7799999999997
C00737,503,4,909.72
C00738,65,8,1792.47
C00739,660,1,453.44
C00740,123,6,1728.87
C00741,687,2,757.1700000000001
C00743,31,6,1591.65
C00744,236,4,792.72
C00745,474,2,816.1800000000001
C00746,39,13,2846.95
C00747,141,5,1036.6399999999999
C00748,91,3,901.78
C00749,154,8,1574.95
C00750,75,7,1405.74
C00752,208,10,2366.6499999999996
C00753,375,3,615.16
C00754,445,2,681.73
C00756,159,6,1513.63
C00757,337,2,627.6800000000001
C00758,41,3,306.86
C00759,149,7,1923.89
C00760,221,7,2350.52
C00762,289,1,102.61
C00764,227,6,1181.91
C00766,28,5,1071.72
C00767,16,7,2397.46
C00768,255,6,1255.01
C00769,190,3,794.3
C00770,50,9,2291.39
C00772,277,4,1148.8600000000001
C00773,748,1,67.67
C00774,221,2,553.49
C00775,139,8,1893.2
C00777,118,3,1111.69
C00778,11,5,1231.99
C00779,246,4,921.66
C00780,423,3,666.93
C00781,36,11,3297.54
C00782,130,3,545.72
C00783,957,1,454.06
C00785,571,2,393.3
C00786,130,12,2959.0299999999997
C00787,208,3,936.65
C00789,165,1,423.09
C00790,10,16,4331.48
C00792,13,8,2118.06
C00793,88,2,651.8
C00794,320,3,772.18
C00796,151,11,2576.36
C00797,22,15,3596.23
C00798,275,3,1082.87
C00799,208,8,1535.86
C00800,1,13,4054.61
C00801,698,3,693.8
C00803,308,3,981.0899999999999
C00804,132,5,1080.99
C00805,140,4,961.41
C00806,125,3,577.6899999999999
C00807,45,13,3008.3
C00808,44,10,2234.15
C00809,735,1,302.61
C00811,4,18,5369.48
C00812,21,10,2545.96
C00814,27,10,2217.07
C00815,12,7,1914.47
C00816,102,6,1127.78
C00817,69,4,1069.04
C00818,833,1,182.29
C00821,292,3,524.61
C00823,103,2,164.89
C00824,171,5,1635.79
C00825,716,1,75.74
C00826,74,20,4723.75
C00827,919,1,258.44
C00828,600,2,451.46
C00829,15,6,1991.87
C00830,746,4,1252.31
C00831,625,2,496.68000000000006
C00832,740,2,446.45
C00834,55,2,238.26
C00835,108,4,1206.38
C00836,751,1,470.3
C00837,6,9,1937.72
C00838,338,2,676.66
C00839,162,8,2277.15
C00840,239,6,1438.3700000000001
C00841,1000,1,325.33
C00842,197,5,1481.42
C00843,25,1,271.3
C00844,57,21,4676.58
C00846,515,4,1069.3
C00848,31,30,7698.39
C00849,249,5,1352.0
C00850,28,5,776.96
C00851,820,1,206.54
C00852,43,3,725.4
C00854,201,9,2198.47
C00855,274,4,1043.8799999999999
C00858,545,5,1027.56
C00859,18,5,882.22
C00861,136,6,1288.2
C00862,583,3,578.96
C00863,280,1,458.77
C00864,897,1,473.85
C00865,176,1,122.22
C00866,51,3,874.77
C00867,925,1,237.14
C00869,220,7,1636.5900000000001
C00870,31,10,2461.92
C00871,660,1,265.16
C00872,84,4,1513.46
C00873,29,7,2002.9499999999998
C00874,300,2,464.71000000000004
C00877,160,6,1595.91
C00878,36,6,1027.05
C00880,318,4,1293.47
C00881,296,2,503.21
C00882,475,2,580.51
C00885,57,9,2535.15
C00887,678,1,375.32
C00889,795,1,180.48
C00890,252,2,350.18
C00891,2,10,2220.19
C00892,199,6,1742.73
C00893,204,5,1654.6100000000001
C00894,663,1,270.03
C00895,51,5,842.0500000000001
C00896,557,1,325.46
C00897,334,2,407.32
C00898,220,8,1728.72
C00904,232,4,1155.06
C00905,598,3,989.9000000000001
C00906,25,11,2652.65
C00907,216,5,1722.4099999999999
C00908,404,3,880.9399999999999
C00910,352,3,449.66999999999996
C00911,127,5,1050.3700000000001
C00912,373,4,777.2
C00913,198,4,1489.5900000000001
C00914,352,2,859.54
C00915,217,4,584.64
C00916,113,4,977.1
C00917,143,2,543.12
C00918,313,10,2730.46
C00919,325,4,1301.25
C00921,31,15,4147.13
C00922,123,3,312.81999999999994
C00923,60,11,3635.7400000000002
C00924,151,8,1926.35
C00925,261,1,207.8
C00927,362,1,180.74
C00928,189,4,941.3
C00929,37,7,1770.91
C00930,927,1,17.64
C00932,329,8,2038.13
C00933,4,14,4068.52
C00934,235,4,935.84
C00935,180,2,706.69
C00938,70,17,4066.98
C00940,93,5,1368.5900000000001
C00941,684,2,527.95
C00942,176,7,1362.03
C00943,114,9,2084.65
C00944,220,11,2666.77
C00947,270,2,653.42
C00948,113,6,980.35
C00949,16,8,1756.59
C00950,171,5,1486.12
C00951,529,4,1344.01
C00952,421,2,137.55
C00953,410,1,203.52
C00954,36,12,2405.35
C00955,337,5,672.3299999999999
C00957,147,3,950.29
C00960,43,4,218.14
C00962,157,4,1232.1100000000001
C00963,656,1,251.27
C00964,986,1,296.27
C00965,990,1,18.1
C00966,236,3,1030.64
C00967,840,3,613.7
C00968,19,3,839.7
C00969,26,3,626.0799999999999
C00970,178,6,1864.28
C00971,258,6,1718.35
C00972,180,10,2807.5
C00973,10,13,3776.41
C00974,277,1,232.8
C00977,245,9,2906.87
C00979,550,7,1676.3500000000001
C00980,123,5,1186.89
C00981,303,4,1615.64
C00982,130,7,1255.81
C00984,405,1,250.37
C00985,41,5,1311.07
C00986,180,1,133.89
C00987,189,6,1886.6
C00988,618,2,583.81
C00990,40,8,1819.1299999999999
C00991,704,2,340.64
C00992,68,5,1468.3899999999999
C00993,25,4,915.89
C00994,18,1,10.76
C00995,24,3,1176.56
C00997,80,12,3120.59
C00998,824,1,499.67
C00999,24,13,3508.86
C01000,12,5,787.8
C01001,463,1,83.11
C01002,325,2,695.8299999999999
C01003,95,6,1315.3
C01004,15,6,1755.06
C01005,1,9,2100.9700000000003
C01006,291,2,654.38
C01007,50,6,2076.92
C01008,40,7,1504.45
C01009,394,1,430.17
C01010,468,2,290.67
C01012,148,19,6115.95
C01013,335,10,2110.37
C01015,431,5,930.6800000000001
C01016,189,13,2928.34
C01018,278,7,2254.4
C01019,76,11,2554.15
C01021,52,7,1579.83
C01022,471,1,173.1
C01023,5,6,1792.82
C01024,30,13,3405.68
C01025,37,12,3295.79
C01026,87,2,688.75
C01027,8,12,3579.2
C01028,56,14,3070.37
C01029,738,1,379.87
C01030,95,8,1695.74
C01031,82,1,135.03
C01036,55,8,2082.1
C01038,126,8,1408.37
C01040,44,4,419.93
C01042,56,4,1069.63
C01043,13,2,401.74
C01044,125,6,1954.3200000000002
C01045,103,7,1673.12
C01046,504,3,443.79
C01049,22,10,2806.19
C01051,51,16,2862.75
C01052,346,4,1504.53
C01053,72,13,3148.77
C01054,219,10,2557.47
C01055,7,30,8162.66
C01056,707,1,89.42
C01057,196,10,1703.59
C01058,356,2,870.0799999999999
C01059,761,1,428.12
C01060,324,9,2571.55
C01061,193,9,2261.33
C01062,21,14,3776.21
C01063,2,8,1744.53
C01064,418,2,707.62
C01065,576,2,486.0
C01066,131,8,2266.02
C01068,473,1,359.83
C01069,32,5,1340.95
C01070,430,1,441.01
C01071,25,2,386.02000000000004
C01072,327,2,674.11
C01075,84,30,7944.33
C01076,78,3,720.79
C01077,436,3,895.53
C01078,93,6,1372.78
C01079,106,1,430.92
C01080,176,19,4529.25
C01081,7,6,1116.74
C01082,179,1,222.24
C01084,64,11,2328.89
C01085,68,11,2736.22
C01086,84,8,2151.59
C01087,433,3,439.27
C01088,521,2,188.52
C01089,11,14,4091.67
C01090,17,3,874.0
C01091,16,13,4294.43
C01092,88,4,679.9300000000001
C01093,75,9,1825.23
C01094,115,4,1017.66
C01095,631,2,358.49
C01096,913,1,233.73
C01097,259,3,316.94
C01098,248,2,557.65
C01099,375,6,1260.1399999999999
C01102,54,14,3141.77
C01103,9,15,2706.44
C01104,124,7,1995.03
C01105,117,24,7034.76
C01106,373,2,391.33000000000004
C01107,894,1,435.7
C01108,52,8,2355.13
C01109,314,7,2014.0900000000001
C01111,39,7,1398.79
C01112,137,2,392.58000000000004
C01113,58,2,446.5
C01114,50,1,203.78
C01115,57,2,706.19
C01116,97,6,1629.27
C01118,214,6,1067.49
C01119,170,2,495.94
C01121,89,8,3091.01
C01122,21,12,3349.78
C01123,57,7,1891.33
C01124,31,9,2412.18
C01125,702,5,1482.28
C01126,1,7,2038.64
C01128,793,2,159.21
C01129,344,2,328.02
C01130,906,1,153.85
C01131,113,5,1017.65
C01133,612,2,729.4300000000001
C01134,852,1,389.57
C01135,48,4,662.79
C01136,643,2,524.83
C01137,351,6,2090.17
C01138,263,3,973.0899999999999
C01139,207,1,385.77
C01140,253,2,885.54
C01141,250,7,2119.89
C01142,385,4,836.97
C01143,267,9,1695.56
C01144,625,1,201.2
C01145,783,2,551.55
C01146,29,11,2712.9
C01147,253,9,2717.5299999999997
C01148,29,6,1649.55
C01149,64,5,1637.06
C01150,48,9,1870.0
C01151,233,10,1487.96
C01152,3,6,1028.29
C01153,11,6,1822.48
C01154,7,10,2209.34
C01155,35,5,1081.6299999999999
C01156,42,9,2199.7599999999998
C01158,27,7,2206.39
C01159,14,13,2557.02
C01161,126,7,1320.43
C01162,507,2,650.42
C01163,192,3,651.07
C01164,242,5,1610.76
C01165,958,1,333.51
C01166,101,14,3633.04
C01167,104,6,1290.17
C01168,625,1,103.1
C01170,357,2,872.72
C01171,409,4,913.01
C01172,3,27,6982.24
C01173,341,3,715.14
C01174,13,4,1535.85
C01175,86,4,637.19
C01177,36,5,1411.7800000000002
C01178,696,1,257.01
C01179,265,4,698.0
C01180,447,2,522.87
C01181,95,16,4059.8
C01182,865,1,113.31
C01183,329,5,1795.33
C01184,123,13,3234.59
C01186,68,17,3486.64
C01187,492,3,910.14
C01188,103,1,485.18
C01189,24,3,958.6700000000001
C01190,75,5,954.11
C01192,10,5,777.8000000000001
C01193,495,2,352.3
C01194,154,6,1704.92
C01196,23,11,3025.24
C01197,6,19,5502.8
C01198,6,21,4674.26
C01199,206,7,1832.9
C01201,52,7,1814.27
C01202,128,1,150.37
C01204,821,1,89.09
C01205,826,1,255.56
C01206,19,8,2070.14
C01207,118,9,1258.3
C01208,745,2,402.85
C01209,66,2,502.78000000000003
C01210,5,24,5338.7
C01211,187,2,547.9200000000001
C01212,106,2,521.8000000000001
C01214,418,3,557.78
C01215,328,6,1932.89
C01216,274,2,634.6800000000001
C01218,418,3,732.17
C01219,32,6,1465.27
C01220,110,1,480.92
C01221,227,6,1626.25
C01223,670,2,352.19
C01224,65,15,3092.24
C01226,6,7,2260.2200000000003
C01227,151,1,412.75
C01228,489,2,502.25
C01229,138,15,4771.74
C01230,430,4,1065.53
C01231,711,7,1618.3
C01232,664,1,144.8
C01233,782,1,350.84
C01235,14,3,1134.97
C01236,77,4,600.96
C01237,38,10,1823.25
C01238,146,4,1657.86
C01239,37,21,5688.51
C01240,213,1,78.5
C01241,16,12,3186.45
C01242,4,7,1716.53
C01243,64,9,2020.49
C01244,133,8,2498.45
C01245,163,6,1557.94
C01246,352,2,775.8399999999999
C01249,19,11,2928.9700000000003
C01250,94,4,1039.66
C01251,10,4,1070.7
C01252,500,2,735.63
C01255,50,5,1363.9
C01256,147,1,24.01
C01258,6,1,109.92
C01260,6,5,1519.02
C01261,736,2,583.6700000000001
C01262,242,6,1626.97
C01263,8,2,157.21999999999997
C01264,96,5,890.39
C01266,610,1,272.49
C01267,67,4,869.4399999999999
C01268,615,1,18.44
C01269,104,8,1802.0
C01270,3,4,1383.56
C01271,26,12,3235.19
C01272,7,10,3130.32
C01273,317,4,1229.71
C01275,164,4,926.1800000000001
C01277,937,1,238.47
C01278,3,26,7315.5
C01280,192,2,960.97
C01281,237,2,477.78
C01282,8,8,2380.54
C01283,416,1,217.78
C01285,230,3,919.83
C01286,184,4,943.71
C01288,251,5,897.44
C01291,84,6,1465.49
C01293,177,1,168.8
C01294,120,3,1286.96
C01295,6,3,726.95
C01296,261,1,282.69
C01299,1,5,1559.92
C01300,138,7,1716.5700000000002
C01302,209,15,3001.4700000000003
C01304,200,4,1132.94
C01305,271,2,490.7
C01306,2,11,3240.7200000000003
C01307,28,6,1581.12
C01308,290,2,282.15999999999997
C01310,175,5,1140.59
C01311,149,2,653.04
C01312,102,11,2694.1
C01313,299,4,1364.41
C01314,94,9,2399.78
C01315,5,4,404.77
C01316,553,3,846.24
C01317,166,3,192.98000000000002
C01318,71,4,685.75
C01319,782,1,140.0
C01321,464,2,100.93
C01323,67,7,1123.4099999999999
C01325,22,10,2252.76
C01326,4,3,729.6099999999999
C01327,827,2,386.5
C01328,262,6,1929.45
C01329,157,6,1665.16
C01330,238,3,724.77
C01331,19,5,1243.5
C01332,851,2,405.22
C01333,306,3,1161.96
C01334,80,26,6227.7
C01335,14,11,2737.71
C01336,99,6,802.0699999999999
C01338,140,5,1291.41
C01342,240,5,1067.6399999999999
C01343,172,14,3536.85
C01344,15,5,1517.42
C01345,19,6,1800.66
C01346,346,3,822.3199999999999
C01347,497,3,1215.01
C01348,486,3,987.88
C01349,95,20,5030.46
C01351,25,9,3064.8
C01352,255,8,1841.52
C01353,85,5,1180.31
C01354,221,5,1175.61
C01355,153,2,370.6
C01356,42,12,3826.93
C01357,15,12,2989.0
C01358,591,3,752.44
C01359,47,3,1123.5900000000001
C01360,37,2,337.15999999999997
C01361,101,12,2815.35
C01362,580,1,151.87
C01363,509,2,261.25
C01364,607,3,1143.04
C01365,197,5,1672.19
C01367,118,5,1627.01
C01368,47,11,4154.33
C01369,473,1,145.06
C01371,37,13,3144.84
C01373,16,10,3255.37
C01374,405,3,603.42
C01375,147,2,383.06
C01376,43,10,2404.52
C01378,161,4,1066.23
C01379,405,1,122.7
C01380,360,7,1762.03
C01382,817,3,837.1700000000001
C01383,46,18,5077.89
C01385,259,6,1382.1799999999998
C01386,626,1,444.85
C01387,110,8,2209.79
C01388,786,2,851.01
C01389,23,15,3604.9900000000002
C01390,71,8,2189.01
C01393,423,1,255.92
C01394,484,1,145.79
C01395,81,2,336.80999999999995
C01396,24,6,2013.4099999999999
C01397,73,5,878.23
C01398,725,1,435.43
C01400,22,2,329.64
C01404,30,7,1693.21
C01405,62,6,1307.6200000000001
C01406,3,7,1690.02
C01407,193,7,2257.45
C01408,5,10,3106.17
C01409,58,7,1061.8899999999999
C01410,15,7,2059.19
C01413,895,1,384.74
C01414,525,1,51.39
C01415,71,8,1727.7
C01416,73,11,2629.53
C01418,224,1,448.38
C01419,528,2,723.74
C01420,38,15,3830.69
C01421,435,1,387.41
C01425,10,21,5777.57
C01426,2,17,4650.59
C01428,35,13,3522.89
C01429,325,2,395.96999999999997
C01430,104,10,2177.87
C01431,144,4,847.79
C01432,70,3,634.17
C01433,193,5,960.65
C01434,26,8,1794.71
C01435,332,2,337.55
C01437,34,5,1509.06
C01438,13,7,1622.57
C01439,687,1,225.33
C01440,79,6,1946.92
C01441,33,19,4388.22
C01443,382,5,1926.23
C01444,612,3,551.75
C01445,70,6,1858.95
C01446,448,3,774.6
C01447,396,4,497.38
C01448,102,6,1716.01
C01449,155,11,2972.1800000000003
C01450,184,4,371.32
C01452,166,6,1199.23
C01453,366,5,1466.74
C01454,121,4,1076.04
C01456,27,20,5263.95
C01457,43,6,1864.48
C01458,383,6,1594.3500000000001
C01459,716,1,208.31
C01460,76,5,1441.57
C01461,151,1,461.07
C01462,43,9,2027.06
C01463,896,1,498.86
C01464,370,5,1030.02
C01465,26,36,8322.19
C01467,5,10,1967.18
C01468,680,1,34.79
C01469,374,7,2088.2799999999997
C01470,173,9,2952.37
C01471,302,3,735.29
C01472,149,5,1314.68
C01473,373,7,1786.94
C01474,230,4,769.5
C01475,305,2,520.91
C01476,244,4,1336.3
C01477,366,6,1406.28
C01478,106,9,2589.1
C01479,171,11,3283.5
C01480,468,2,306.96999999999997
C01481,82,7,1692.56
C01482,957,1,47.97
C01483,379,6,1713.38
C01485,164,2,595.49
C01486,240,1,262.79
C01487,39,5,1413.54
C01488,82,5,1676.87
C01489,62,5,1383.37
C01490,179,4,938.6
C01491,942,1,289.49
C01492,216,2,637.29
C01495,62,4,1112.75
C01496,8,3,369.01
C01497,393,2,590.3199999999999
C01498,1,6,1710.3799999999999
C01499,202,4,1461.08
C01500,14,9,2060.35
C01501,151,4,588.65
C01504,1,3,588.17
C01505,892,2,409.92
C01506,220,2,701.76
C01507,614,2,83.75
C01508,465,1,227.51
C01509,803,2,900.4300000000001
C01510,61,6,1721.47
C01511,1,8,2174.39
C01512,54,3,1012.66
C01513,52,12,2546.02
C01517,13,7,1361.89
C01518,152,11,2805.59
C01519,879,1,97.51
C01520,49,15,4798.47
C01522,24,16,4147.2
C01523,405,2,244.75
C01524,63,3,651.5600000000001
C01525,380,6,1717.56
C01526,560,1,463.67
C01528,76,2,645.5799999999999
C01529,198,5,1032.1100000000001
C01530,177,3,552.8399999999999
C01532,16,5,1768.25
C01533,290,2,312.7
C01534,572,2,466.98
C01535,476,1,43.4
C01536,937,1,375.28
C01538,78,3,711.86
C01539,273,2,824.6800000000001
C01540,50,4,597.35
C01541,116,4,983.46
C01542,698,2,621.11
C01543,488,4,859.98
C01545,15,15,3409.48
C01546,202,1,41.14
C01547,214,5,786.9300000000001
C01548,257,2,588.63
C01550,67,4,953.7
C01551,20,13,3265.0099999999998
C01552,261,6,1118.42
C01553,31,8,1500.67
C01554,88,11,3057.8
C01555,920,1,62.54
C01556,117,2,275.23
C01557,264,4,778.7
C01558,307,1,366.3
C01559,36,11,2924.31
C01560,28,5,1306.18
C01561,134,3,355.47
C01563,453,2,160.16
C01564,150,1,162.17
C01565,118,2,464.48
C01566,80,5,1697.21
C01567,319,1,340.04
C01568,5,1,188.75
C01569,392,2,329.48
C01570,33,7,2015.6999999999998
C01571,202,2,343.32
C01572,426,2,796.53
C01573,257,2,477.56
C01574,32,9,2748.9
C01576,576,1,205.58
C01578,18,10,3469.51
C01579,90,7,1813.0
C01580,223,5,1398.1399999999999
C01582,160,2,67.87
C01583,109,2,239.52999999999997
C01584,150,5,1122.79
C01585,88,22,5540.99
C01587,34,9,2377.96
C01588,469,4,1268.78
C01589,610,1,85.03
C01590,64,5,1499.66
C01591,271,4,745.72
C01592,28,21,5285.13
C01594,888,1,250.45
C01595,180,9,2282.27
C01596,2,4,845.54
C01597,412,4,1425.5
C01600,70,5,1143.38
C01601,637,2,275.68
C01602,374,4,595.71
C01603,203,2,735.06
C01604,638,2,421.09
C01606,169,7,2410.49
C01608,272,4,939.61
C01609,997,1,151.04
C01610,1,3,834.77
C01611,19,11,2479.85
C01612,25,6,1499.81
C01613,170,7,1554.15
C01614,139,1,272.41
C01615,379,1,76.78
C01616,119,6,2066.0
C01617,1,29,7142.6900000000005
C01618,150,4,840.37
C01619,56,4,1467.71
C01620,136,8,1913.3500000000001
C01621,83,3,748.17
C01623,100,3,1002.94
C01624,55,18,4361.72
C01626,145,8,2408.83
C01627,75,1,38.16
C01628,50,5,1731.03
C01629,713,1,92.77
C01630,13,2,179.57
C01631,133,5,1919.18
C01632,432,1,185.68
C01633,37,8,1839.01
C01634,455,3,819.1800000000001
C01635,230,15,4638.7
C01637,264,4,803.35
C01639,1,20,5399.26
C01640,8,16,3629.98
C01641,286,2,728.65
C01642,171,7,1550.65
C01643,45,2,427.83000000000004
C01644,206,6,1737.0
C01646,32,14,2840.72
C01647,246,2,470.15000000000003
C01648,85,6,1603.6200000000001
C01649,126,9,2679.44
C01650,180,3,427.72
C01653,231,3,1195.31
C01654,410,1,342.58
C01655,690,1,349.92
C01656,68,13,2433.48
C01657,175,4,996.68
C01658,205,3,669.14
C01659,225,2,867.38
C01660,41,5,1663.36
C01662,513,2,827.3299999999999
C01663,41,13,3503.82
C01664,309,3,883.62
C01665,58,23,5347.42
C01666,273,13,3632.27
C01667,935,1,374.18
C01668,40,13,4219.79
C01669,279,1,14.27
C01670,75,11,3477.09
C01671,310,3,1073.96
C01672,123,8,2194.69
C01673,25,7,1798.69
C01674,20,7,1600.31
C01675,74,4,813.85
C01676,93,2,785.23
C01678,69,3,930.55
C01680,286,9,2267.57
C01682,5,28,7377.35
C01683,72,4,1090.42
C01684,7,10,3140.59
C01686,20,4,1195.52
C01687,40,11,2730.14
C01688,432,2,538.4300000000001
C01690,21,8,3073.78
C01692,608,3,1046.2
C01693,135,3,576.11
C01694,370,2,638.4100000000001
C01695,49,2,674.23
C01699,224,13,3760.78
C01700,278,4,1272.0900000000001
C01701,28,17,4072.16
C01702,206,3,992.04
C01703,58,5,1389.25
C01704,33,2,307.56
C01705,412,1,390.8
C01706,850,1,108.6
C01707,19,3,195.60999999999999
C01708,496,1,51.41
C01709,334,4,638.45
C01710,25,7,1360.74
C01711,332,1,434.87
C01712,979,1,199.33
C01713,3,9,2471.09
C01714,423,2,593.53
C01715,537,1,399.39
C01716,2,22,5797.3099999999995
C01718,9,9,1889.6100000000001
C01719,15,21,5071.14
C01720,998,1,435.14
C01724,279,2,236.25
C01725,18,7,1350.21
C01727,598,2,599.1800000000001
C01728,124,17,3910.54
C01729,22,12,3402.2000000000003
C01730,304,3,618.98
C01731,272,2,674.8499999999999
C01732,911,1,193.88
C01733,166,1,324.2
C01734,922,2,593.16
C01736,174,13,3081.72
C01738,52,4,518.95
C01739,358,3,677.48
C01740,218,3,654.97
C01741,206,7,1256.03
C01742,227,7,1623.69
C01743,234,7,2225.59
C01745,237,3,918.3299999999999
C01746,140,6,1618.98
C01748,149,3,633.88
C01749,106,6,1980.62
C01750,95,1,199.05
C01751,616,3,804.63
C01752,93,1,305.84
C01755,16,20,6474.0199999999995
C01756,40,10,3112.0
C01757,9,11,2772.6
C01758,166,2,473.1
C01760,169,3,666.01
C01761,316,2,400.17
C01762,302,8,1638.46
C01763,453,1,359.86
C01764,407,4,1142.5
C01765,422,1,454.23
C01767,228,9,1861.1200000000001
C01768,59,5,1405.28
C01769,27,7,1418.34
C01770,18,3,841.4000000000001
C01771,210,3,543.65
C01772,96,10,2861.25
C01773,140,13,2760.39
C01774,15,12,2786.2000000000003
C01775,10,8,1863.24
C01776,608,3,746.49
C01777,950,1,67.84
C01778,467,4,821.53
C01779,449,3,863.9399999999999
C01780,83,8,2549.99
C01782,7,10,2501.13
C01783,343,3,1216.33
C01784,373,3,894.07
C01785,25,3,794.79
C01786,6,13,2369.4900000000002
C01787,423,4,807.15
C01788,178,6,993.1800000000001
C01789,79,1,324.45
C01790,509,1,306.8
C01792,201,6,1635.82
C01793,160,6,1839.3600000000001
C01794,896,1,302.15
C01797,25,6,1561.81
C01798,670,1,121.03
C01800,67,1,480.1
C01801,107,17,3730.58
C01802,254,2,701.78
C01803,145,4,1223.95
C01805,461,2,802.26
C01806,19,7,1644.95
C01807,65,7,1193.0900000000001
C01808,61,2,709.6
C01810,118,2,690.63
C01811,318,6,1981.05
C01812,43,7,1964.5700000000002
C01813,19,2,154.45
C01816,1,13,3080.91
C01817,222,3,1003.26
C01818,265,8,1999.84
C01819,123,3,357.18
C01820,191,4,1352.88
C01821,349,1,37.33
C01823,169,7,2122.67
C01824,350,3,832.6800000000001
C01825,113,2,285.42
C01826,653,2,605.86
C01828,113,9,2001.16
C01829,234,4,1327.65
C01831,72,22,5603.3
C01832,161,3,1181.01
C01833,231,9,2863.64
C01834,453,2,571.8299999999999
C01835,6,12,2920.68
C01836,110,6,2120.35
C01837,781,2,728.38
C01839,17,9,2845.46
C01840,378,3,687.09
C01841,350,2,664.1700000000001
C01842,47,4,759.26
C01843,37,2,477.12
C01844,161,3,588.99
C01845,31,17,4657.08
C01847,853,1,222.28
C01849,41,8,2513.91
C01850,21,7,2278.39
C01852,80,8,2128.29
C01853,137,10,2094.79
C01854,39,5,1363.65
C01855,70,15,3735.5
C01856,467,1,320.44
C01857,227,7,2428.72
C01858,242,2,289.83
C01859,80,7,1478.6100000000001
C01860,42,8,1500.43
C01861,24,8,2127.3999999999996
C01862,144,3,1059.29
C01863,317,1,293.22
C01864,102,2,795.5799999999999
C01865,109,13,2898.71
C01866,49,18,4610.02
C01868,266,1,480.96
C01870,193,4,1295.4
C01871,2,7,1943.97
C01872,591,1,76.07
C01873,176,5,621.74
C01874,51,11,1996.81
C01875,112,5,1455.37
C01876,215,4,944.65
C01877,67,3,453.55
C01878,350,3,815.03
C01879,190,3,337.13
C01880,398,4,1177.25
C01881,78,3,984.01
C01882,116,12,3427.84
C01883,867,1,456.87
C01884,125,8,2475.38
C01886,17,6,1417.22
C01889,13,6,1072.47
C01890,64,21,6746.64
C01892,752,2,684.5999999999999
C01893,77,7,2154.52
C01894,618,2,281.11
C01895,17,3,713.63
C01896,366,5,1543.22
C01897,169,4,625.4100000000001
C01898,123,1,339.35
C01899,613,1,418.9
C01900,11,15,4910.28
C01901,35,4,1124.9099999999999
C01903,108,5,1795.72
C01905,184,13,3597.63
C01906,793,1,418.48
C01907,177,17,5091.14
C01908,58,5,1358.21
C01909,313,2,581.63
C01910,163,1,198.85
C01912,132,11,3413.0
C01913,19,23,6612.09
C01915,78,4,1060.13
C01916,168,7,1562.24
C01917,311,8,2421.56
C01918,232,2,688.5999999999999
C01919,573,2,605.48
C01920,617,2,889.18
C01921,211,9,2141.2
C01923,60,3,703.61
C01924,131,5,1580.73
C01925,347,6,1496.84
C01926,22,1,70.73
C01927,95,8,2218.58
C01928,991,1,401.59
C01929,53,4,912.9300000000001
C01931,169,6,1917.8400000000001
C01932,8,8,2459.98
C01934,234,6,1029.8600000000001
C01935,148,6,903.6300000000001
C01936,25,8,1796.58
C01938,11,11,2247.24
C01939,361,2,745.74
C01942,637,1,24.24
C01943,118,8,2302.19
C01944,46,7,1497.29
C01945,43,7,1486.4099999999999
C01946,190,5,1275.73
C01947,415,4,930.97
C01948,371,1,313.42
C01949,18,7,1599.7
C01950,754,1,490.37
C01953,460,3,537.3000000000001
C01954,39,5,1481.75
C01955,8,24,6809.66
C01956,1,15,4193.67
C01957,268,3,932.8
C01958,14,5,1572.59
C01959,241,6,1348.83
C01960,628,4,886.05
C01961,141,2,316.61
C01962,414,2,497.53
C01963,211,5,573.72
C01964,689,2,685.21
C01965,460,3,1276.81
C01966,150,3,737.14
C01968,166,3,472.36
C01969,691,1,64.65
C01972,206,7,1973.27
C01973,275,3,938.79
C01974,322,3,987.5799999999999
C01975,18,4,1180.38
C01976,63,12,2575.44
C01978,647,2,120.11000000000001
C01979,150,6,1388.6
C01980,74,11,1976.29
C01981,633,1,76.1
C01982,528,4,928.55
C01983,829,2,493.16
C01984,92,5,1137.72
C01987,814,2,638.47
C01988,84,3,906.03
C01989,142,2,328.55
C01990,65,9,2637.73
C01991,49,5,1815.58
C01993,13,6,803.5
C01995,31,8,2455.99
C01996,225,6,2140.34
C01997,143,18,5036.18
C01998,182,1,59.75
C02000,111,2,304.67
C02001,294,4,1484.38
C02003,10,13,2592.07
C02004,300,2,910.22
C02005,242,1,117.1
C02006,79,10,3185.38
C02007,857,2,566.5
C02008,174,10,2828.55
C02010,494,3,747.77
C02013,373,6,1217.83
C02015,37,5,1274.02
C02016,148,5,1266.92
C02017,75,1,293.77
C02018,10,15,4497.68
C02020,100,6,1583.6100000000001
C02021,18,23,5902.83
C02022,72,6,1490.49
C02023,9,11,3629.6000000000004
C02025,133,5,987.5799999999999
C02026,169,1,252.92
C02027,34,10,2232.65
C02028,44,32,8341.78
C02029,658,2,782.8499999999999
C02030,68,2,203.1
C02031,4,5,1629.47
C02032,71,6,1679.94
C02033,551,4,551.3
C02034,97,10,2858.3
C02035,102,4,1612.15
C02036,279,1,275.61
C02038,935,1,40.64
C02040,481,1,337.77
C02041,1,11,3209.82
C02042,490,2,646.86
C02043,197,1,148.72
C02045,185,13,2670.51
C02046,13,10,2584.65
C02048,241,7,1872.46
C02049,745,1,178.04
C02051,178,2,537.6600000000001
C02052,266,1,327.94
C02054,4,20,4384.09
C02055,88,8,950.28
C02056,223,4,863.1700000000001
C02057,115,3,313.92
C02058,194,4,794.5
C02059,176,7,1893.23
C02060,271,4,818.37
C02061,988,1,65.72
C02062,414,1,22.35
C02063,43,7,2368.73
C02064,602,3,989.28
C02066,429,10,2300.98
C02067,901,1,165.33
C02068,108,1,474.87
C02070,156,2,486.03999999999996
C02071,130,8,2348.24
C02072,271,4,1459.16
C02073,243,1,77.27
C02074,221,12,3663.36
C02075,91,6,1795.44
C02076,262,9,1863.89
C02077,530,2,442.39
C02078,325,3,914.7900000000001
C02079,62,17,4675.69
C02080,54,6,1305.88
C02084,48,12,3287.5
C02085,965,1,374.84
C02086,325,2,735.5699999999999
C02088,41,3,1079.04
C02089,69,7,1819.98
C02090,104,2,424.5
C02091,109,10,3009.42
C02092,15,16,4143.24
C02095,587,1,201.79
C02096,137,12,3035.39
C02097,856,2,213.13
C02098,39,4,1090.64
C02099,11,8,1819.28
C02100,818,3,893.49
C02101,60,11,2871.65
C02102,55,4,920.78
C02104,200,6,1076.24
C02105,74,10,2436.35
C02106,322,2,251.68
C02107,104,9,2349.75
C02108,158,19,4674.1900000000005
C02109,533,1,62.61
C02110,1,18,4092.04
C02111,981,1,144.89
C02114,96,13,3266.01
C02115,27,8,1806.35
C02116,818,1,383.41
C02117,120,5,1197.3
C02118,37,5,947.57
C02120,7,13,2748.77
C02121,31,8,2336.9700000000003
C02122,228,2,830.06
C02123,64,16,3942.84
C02124,588,1,235.76
C02125,5,23,6719.34
C02126,126,6,2011.27
C02127,79,7,1735.8400000000001
C02128,578,1,380.2
C02129,40,11,2083.83
C02130,549,2,708.25
C02131,236,1,202.81
C02133,109,5,1438.19
C02134,121,4,601.78
C02135,200,9,2604.31
C02136,59,11,2228.9
C02138,46,7,1352.76
C02139,820,1,235.43
C02140,92,6,1476.91
C02141,62,7,2480.72
C02142,9,5,1218.25
C02143,19,5,1974.1
C02145,298,2,505.62
C02146,102,6,1170.45
C02147,243,6,1627.68
C02148,532,1,65.29
C02149,41,4,1306.63
C02150,216,5,1089.71
C02151,944,1,483.63
C02152,439,2,660.12
C02153,10,6,1763.3000000000002
C02154,171,6,2087.99
C02156,894,3,741.35
C02157,670,1,362.56
C02158,293,3,519.09
C02159,88,1,464.98
C02160,157,7,2087.89
C02161,5,5,1437.8
C02162,433,4,1346.24
C02163,194,3,856.95
C02164,49,9,1011.87
C02165,477,2,151.0
C02166,27,20,5454.16
C02167,27,10,2792.23
C02169,71,6,1916.22
C02170,375,1,425.33
C02171,105,3,740.08
C02173,868,1,416.35
C02174,292,9,2498.5099999999998
C02175,122,2,593.26
C02176,457,7,1569.43
C02178,232,2,468.91999999999996
C02179,65,8,1741.6599999999999
C02181,469,2,257.79
C02182,622,1,10.71
C02184,173,2,517.53
C02185,67,6,1779.43
C02186,19,13,3530.75
C02187,61,6,2261.94
C02188,307,9,2389.16
C02189,322,7,2385.77
C02190,63,8,2192.92
C02191,209,2,322.93
C02192,89,9,2422.68
C02193,174,5,885.8599999999999
C02194,116,3,635.92
C02196,180,1,408.5
C02197,418,2,169.71
C02198,5,9,2620.42
C02200,58,3,709.57
C02201,55,16,5111.8
C02203,333,3,1157.77
C02205,396,5,1038.68
C02206,183,6,1577.21
C02207,321,1,324.85
C02208,2,9,2311.1
C02209,84,1,292.74
C02210,76,13,3104.51
C02211,35,9,1899.97
C02212,3,11,3286.86
C02214,70,13,3028.9900000000002
C02215,54,9,2339.44
C02216,912,1,342.39
C02217,2,7,1555.04
C02218,149,1,191.74
C02219,175,13,3702.55
C02221,418,2,259.75
C02222,92,3,417.25
C02223,465,1,74.32
C02226,129,5,1929.48
C02227,400,3,861.3199999999999
C02228,354,3,664.94
C02229,191,5,1602.6
C02230,214,2,639.77
C02231,257,5,1472.85
C02232,553,1,77.44
C02233,31,15,2868.48
C02234,13,8,1995.82
C02235,57,6,1037.22
C02236,7,6,2234.99
C02237,459,7,1587.53
C02240,85,1,151.82
C02241,21,9,2184.29
C02243,14,3,518.3299999999999
C02244,4,39,9964.36
C02245,116,6,1885.93
C02246,431,1,437.02
C02248,112,9,2114.73
C02249,251,7,1852.69
C02252,166,15,4164.08
C02253,372,4,662.8199999999999
C02254,71,5,1283.69
C02255,157,6,1834.83
C02257,280,4,1220.51
C02258,177,6,1144.62
C02259,274,2,501.75
C02260,93,2,785.59
C02261,26,6,1855.03
C02262,443,5,1632.8600000000001
C02263,2,11,3039.48
C02264,77,4,1054.9
C02265,17,7,1808.21
C02266,90,5,1099.54
C02267,138,4,1018.55
C02268,745,1,134.61
C02270,272,1,360.62
C02271,274,1,80.98
C02272,212,1,422.78
C02273,45,2,843.23
C02274,92,5,1691.26
C02275,179,8,1715.85
C02276,296,5,1260.64
C02277,161,3,1062.5900000000001
C02278,57,4,736.6
C02279,25,8,2016.85
C02281,40,2,466.25
C02282,962,1,399.36
C02283,856,3,789.86
C02285,562,1,249.49
C02286,744,1,361.6
C02287,30,22,5795.51
C02288,155,4,707.89
C02289,495,4,1116.07
C02290,526,2,675.28
C02291,230,5,1065.86
C02293,221,1,170.84
C02294,96,3,677.83
C02299,657,1,346.33
C02300,527,1,180.07
C02301,795,4,1429.57
C02302,5,5,1931.6
C02303,708,1,332.45
C02304,760,2,311.82
C02305,111,12,3094.59
C02306,157,1,123.94
C02307,346,1,407.0
C02308,103,4,557.96
C02309,293,1,390.85
C02310,858,3,716.52
C02311,175,5,1202.8500000000001
C02312,89,15,3817.67
C02313,154,10,3126.67
C02314,415,7,1634.0
C02315,38,26,6162.15
C02316,207,1,118.06
C02317,234,1,65.18
C02318,46,4,645.52
C02319,63,4,515.57
C02321,10,10,2450.01
C02322,17,2,460.41999999999996
C02323,125,8,1843.95
C02324,321,2,543.8299999999999
C02325,44,8,1632.1499999999999
C02326,19,16,4114.86
C02327,15,12,3945.89
C02329,79,6,1584.71
C02333,438,4,955.6999999999999
C02334,166,5,1893.54
C02336,432,2,515.1800000000001
C02337,592,2,425.39000000000004
C02338,114,3,837.49
C02340,220,2,377.28999999999996
C02341,297,6,1436.67
C02342,421,2,464.81
C02344,284,2,388.81
C02345,42,15,2814.13
C02346,134,3,652.27
C02347,270,7,1799.8899999999999
C02348,642,1,61.15
C02349,368,4,1099.8899999999999
C02351,243,4,711.97
C02352,55,14,3217.78
C02353,554,6,1708.96
C02354,192,12,3011.2799999999997
C02355,928,1,489.36
C02356,64,1,404.35
C02357,14,10,2939.72
C02359,374,4,744.97
C02360,173,1,444.58
C02362,230,6,877.99
C02363,244,1,280.67
C02364,64,1,451.87
C02365,900,2,922.38
C02367,640,2,511.78999999999996
C02368,144,3,704.33
C02370,105,5,1553.98
C02371,714,3,750.03
C02372,6,4,658.15
C02373,6,4,741.26
C02374,768,1,404.83
C02375,109,4,1013.86
C02376,574,1,313.97
C02377,123,3,558.94
C02378,393,7,1525.63
C02379,647,1,382.44
C02380,344,5,1155.96
C02381,9,5,1283.29
C02382,45,11,2646.42
C02383,40,12,3749.61
C02384,224,4,1086.94
C02385,387,2,499.08
C02386,44,6,1222.28
C02387,47,1,254.24
C02388,391,7,1547.67
C02389,177,6,1322.17
C02390,231,9,2859.85
C02391,247,2,212.69
C02393,23,2,549.27
C02395,250,6,1272.1
C02396,271,2,447.38
C02397,341,2,538.97
C02399,4,2,329.14
C02400,74,5,954.46
C02401,114,1,52.72
C02403,100,1,273.17
C02404,75,2,461.13
C02405,62,6,1501.12
C02406,41,5,1619.0
C02407,76,3,920.1400000000001
C02409,41,21,5848.85
C02410,252,3,364.13
C02411,44,6,1283.06
C02412,407,1,351.13
C02413,508,2,245.52
C02415,452,2,239.6
C02416,27,12,2843.95
C02417,10,1,451.99
C02420,4,2,218.62
C02421,647,1,425.11
C02423,115,5,1157.47
C02424,97,3,870.1600000000001
C02425,40,3,869.2
C02426,250,11,2847.9
C02427,254,2,911.27
C02428,6,16,4102.91
C02430,170,10,2124.35
C02431,11,4,1144.47
C02432,19,9,2030.51
C02433,36,15,4341.97
C02434,381,2,471.32
C02435,11,17,4362.76
C02436,77,3,1307.32
C02437,144,4,907.61
C02438,867,1,114.43
C02439,167,4,1447.3400000000001
C02440,159,2,591.74
C02441,6,6,1828.77
C02442,153,2,142.85999999999999
C02443,233,3,848.29
C02444,119,7,1651.15
C02445,185,3,817.16
C02446,751,1,298.74
C02447,324,2,221.61
C02448,175,2,701.5
C02450,829,1,419.84
C02451,256,3,978.84
C02452,79,13,3729.1
C02453,19,4,1225.63
C02454,663,3,945.1800000000001
C02455,100,2,488.75
C02457,489,3,737.78
C02458,59,9,2906.87
C02459,304,2,509.55
C02460,36,4,1080.77
C02461,60,23,5927.21
C02462,333,13,2811.0499999999997
C02463,217,1,471.29
C02464,122,3,550.73
C02465,58,5,1365.82
C02467,55,3,753.2
C02468,974,1,317.77
C02469,41,3,688.03
C02470,229,3,890.79
C02471,299,2,329.21000000000004
C02472,65,16,4049.6
C02473,17,19,4655.91
C02474,24,6,1038.24
C02475,193,3,923.94
C02476,161,9,1425.98
C02477,294,2,477.51
C02478,27,9,2596.62
C02480,251,6,1635.57
C02481,699,1,73.7
C02482,148,8,2458.2200000000003
C02483,119,24,5809.3
C02485,342,2,311.39
C02486,36,18,5832.68
C02487,119,2,500.76
C02488,175,12,3030.2599999999998
C02489,437,2,352.79999999999995
C02490,133,4,1502.5
C02492,896,1,410.32
C02493,75,14,3604.11
C02494,154,1,400.56
C02495,277,5,1404.38
C02496,526,5,866.98
C02497,68,6,1642.77
C02498,6,15,3398.73
C02499,48,20,6015.46
C02500,172,5,1290.75
C02501,99,4,1232.1100000000001
C02502,45,8,2229.8
C02503,124,4,1092.74
C02504,5,15,4403.0199999999995
C02505,66,2,791.3
C02507,180,9,2911.15
C02508,260,1,206.43
C02509,93,9,1899.59
C02510,51,15,3631.84
C02511,431,1,253.3
C02512,65,9,2708.49
C02513,133,2,353.51
C02514,15,5,1390.04
C02515,103,4,1466.48
C02516,108,13,3254.52
C02518,422,1,491.18
C02519,18,13,3611.38
C02520,123,5,1420.05
C02521,213,7,1881.69
C02522,259,3,1041.26
C02523,880,1,225.84
C02524,797,1,401.91
C02525,563,3,545.53
C02526,345,1,310.05
C02527,421,3,1007.01
C02528,50,18,5454.66
C02530,51,31,8422.28
C02531,397,4,626.69
C02532,56,11,2911.92
C02533,574,1,322.64
C02535,138,3,664.23
C02536,11,10,2543.34
C02537,74,8,1340.21
C02539,2,9,2899.53
C02540,108,10,1645.6599999999999
C02541,31,7,1729.1
C02542,152,6,1783.19
C02543,30,9,1920.26
C02544,35,7,2144.21
C02546,261,4,1418.35
C02547,548,2,184.35999999999999
C02548,92,2,560.93
C02549,425,1,59.8
C02550,674,1,225.79
C02551,147,2,639.5600000000001
C02552,822,2,457.55999999999995
C02553,46,8,1660.12
C02554,196,15,3676.66
C02556,142,13,2825.78
C02557,54,7,1646.6
C02558,616,3,615.24
C02560,307,2,388.29
C02561,200,7,2282.95
C02562,292,5,1601.94
C02565,453,3,496.8
C02566,792,3,663.3900000000001
C02568,167,4,1199.43
C02569,260,4,421.24
C02570,104,12,2692.2200000000003
C02571,105,3,795.44
C02572,342,7,1824.19
C02573,466,2,488.96000000000004
C02574,718,2,436.84000000000003
C02576,227,5,872.63
C02577,246,18,5772.29
C02578,479,5,1172.1000000000001
C02579,562,1,307.3
C02580,229,2,538.48
C02581,356,1,364.94
C02582,292,5,1770.97
C02583,212,7,1613.0
C02584,140,1,498.85
C02585,27,2,557.89
C02586,33,5,1542.1999999999998
C02588,58,4,1134.24
C02589,325,2,248.96
C02590,91,6,1568.26
C02591,62,6,1456.79
C02592,96,6,2166.35
C02593,185,4,1057.88
C02594,7,5,1538.44
C02595,696,1,401.51
C02596,23,7,1114.89
C02598,401,2,856.86
C02599,610,2,132.04000000000002
C02600,107,1,262.99
C02601,46,4,885.9000000000001
C02603,801,2,455.48
C02604,60,3,857.58
C02606,66,4,824.41
C02608,50,2,497.89
C02609,134,6,1802.7
C02610,661,1,187.4
C02611,148,12,3576.3
C02613,700,1,393.72
C02614,179,11,2715.92
C02615,394,1,40.99
C02617,714,1,409.21
C02618,896,1,487.13
C02619,105,9,1850.1
C02621,38,8,1861.04
C02622,3,8,2442.44
C02623,745,1,115.73
C02624,6,9,2720.73
C02625,60,4,1268.12
C02626,115,10,2581.73
C02628,120,4,750.16
C02629,102,3,604.1800000000001
C02630,22,2,642.24
C02631,98,4,1206.73
C02632,430,7,1680.07
C02635,341,3,949.0
C02636,280,8,2232.2599999999998
C02637,26,19,4791.08
C02638,662,1,91.03
C02639,28,16,3739.92
C02640,24,9,1503.58
C02643,140,9,2538.4700000000003
C02644,140,3,875.99
C02646,471,1,490.89
C02647,11,18,4718.91
C02648,928,1,465.2
C02649,284,2,316.56
C02650,14,8,2516.25
C02652,58,2,478.77
C02653,164,1,54.04
C02655,2,4,1045.1699999999998
C02656,873,1,365.51
C02657,13,9,1943.15
C02658,35,9,2425.07
C02660,723,3,824.4200000000001
C02661,6,5,1058.9099999999999
C02662,8,21,4588.85
C02663,55,1,473.52
C02664,111,5,1493.89
C02665,10,7,1050.61
C02666,194,4,748.9
C02668,291,6,1984.38
C02669,64,5,893.0699999999999
C02671,212,3,680.41
C02672,14,3,275.35
C02673,41,8,1771.97
C02675,51,9,2101.79
C02676,853,1,41.07
C02677,133,4,1001.1600000000001
C02678,648,1,165.8
C02680,802,1,223.82
C02681,192,1,334.58
C02682,11,6,1218.58
C02684,45,2,472.97
C02685,560,2,407.39
C02688,579,2,510.81
C02689,373,5,847.03
C02690,3,4,1058.53
C02691,194,4,559.4
C02692,121,5,1571.4
C02694,913,2,740.4
C02695,23,18,4709.61
C02696,243,3,980.4
C02697,268,5,1465.72
C02698,44,3,645.8199999999999
C02699,11,9,1055.18
C02700,257,4,1056.59
C02701,220,7,1812.99
C02702,38,25,7055.31
C02705,2,6,2122.67
C02706,4,13,3722.33
C02708,179,1,176.14
C02711,284,7,1772.63
C02712,41,4,970.35
C02713,261,3,891.5699999999999
C02714,139,3,837.47
C02717,134,3,831.52
C02718,11,19,4672.47
C02719,217,11,3499.77
C02721,169,8,2156.0499999999997
C02722,37,8,1573.1999999999998
C02723,738,5,1522.48
C02724,588,2,494.78
C02725,547,1,486.93
C02726,85,1,411.13
C02728,187,1,11.96
C02730,63,5,1431.23
C02731,31,7,2089.09
C02732,548,4,1036.76
C02734,48,10,2688.3199999999997
C02735,74,10,3003.5
C02736,54,5,1334.05
C02737,20,19,3980.12
C02738,81,8,2768.52
C02739,6,17,3618.24
C02741,662,1,80.21
C02742,471,5,1392.54
C02743,165,1,262.96
C02745,113,7,1693.47
C02746,367,4,765.38
C02747,91,6,1870.69
C02749,443,4,385.54999999999995
C02750,247,4,1158.62
C02751,832,1,316.82
C02752,53,6,1133.6
C02754,115,4,1282.08
C02755,199,9,2679.19
C02756,372,2,766.73
C02757,158,1,398.63
C02758,50,6,1157.4
C02759,250,5,1077.12
C02763,17,4,1220.03
C02765,895,1,364.53
C02766,52,12,2352.95
C02767,316,2,398.79999999999995
C02768,509,2,506.09000000000003
C02769,151,3,900.6500000000001
C02770,182,7,2254.84
C02773,80,12,3176.12
C02774,444,2,675.24
C02775,16,5,1304.24
C02776,9,4,1184.3
C02778,375,1,427.57
C02779,279,1,258.69
C02782,12,12,2705.23
C02783,1,12,3358.27
C02784,243,8,2329.54
C02785,68,8,2798.97
C02786,46,3,627.18
C02787,113,15,4930.58
C02788,278,1,15.1
C02789,12,12,2612.38
C02790,48,28,7337.349999999999
C02791,184,6,1477.23
C02792,30,20,4225.56
C02793,195,3,212.46999999999997
C02794,556,1,410.42
C02795,220,3,365.89
C02796,274,4,1396.6999999999998
C02798,146,3,921.59
C02799,7,23,6070.14
C02800,796,1,304.58
C02801,38,12,2784.46
C02802,81,12,3577.9300000000003
C02803,15,11,3415.7799999999997
C02804,31,10,2218.22
C02806,81,12,2275.35
C02807,270,5,1353.94
C02809,141,3,336.64
C02810,25,7,1808.9099999999999
C02811,201,2,523.47
C02812,266,4,1104.3
C02813,517,7,1470.92
C02814,476,2,609.13
C02815,143,2,550.99
C02816,226,2,874.81
C02817,166,4,799.1700000000001
C02820,220,2,389.91999999999996
C02821,91,14,3914.16
C02823,274,1,363.61
C02824,989,1,190.06
C02825,7,3,670.13
C02826,24,7,2487.19
C02827,187,9,2276.29
C02828,153,1,75.06
C02829,50,2,488.42
C02831,460,4,1319.3600000000001
C02832,184,5,1230.1
C02835,32,2,549.34
C02836,232,7,2500.33
C02837,35,30,8057.28
C02839,19,8,1736.6
C02840,58,2,454.45
C02841,162,2,705.76
C02842,50,6,1639.34
C02843,191,10,3379.43
C02844,34,16,4140.0199999999995
C02845,96,2,506.85
C02846,127,2,393.03000000000003
C02847,62,8,2621.96
C02849,108,4,571.55
C02850,368,5,1038.3400000000001
C02851,68,7,2219.6
C02852,319,2,442.14
C02853,486,1,186.74
C02854,239,7,2229.65
C02856,545,2,740.95
C02857,775,1,127.92
C02860,200,1,164.74
C02861,57,15,3993.1800000000003
C02862,84,4,1355.4
C02863,15,11,3079.08
C02864,43,2,775.77
C02865,57,4,1574.99
C02866,72,5,1872.9
C02867,72,6,1598.78
C02868,42,12,3554.76
C02869,32,3,979.96
C02870,245,3,570.4200000000001
C02871,65,10,2642.81
C02872,341,13,3385.17
C02873,55,10,2918.73
C02874,187,3,1109.5
C02875,230,6,1669.1399999999999
C02876,449,3,799.9200000000001
C02877,345,2,711.0899999999999
C02879,259,5,1029.79
C02880,611,1,180.61
C02881,354,2,367.57
C02882,114,7,1681.27
C02885,511,1,470.17
C02886,206,10,2955.84
C02887,118,5,1145.76
C02888,160,1,421.49
C02889,113,4,720.76
C02890,221,4,783.82
C02891,343,1,59.92
C02892,57,4,1152.1
C02893,57,10,2050.0099999999998
C02894,289,6,1017.2900000000001
C02895,862,1,269.85
C02896,36,11,2059.94
C02897,333,5,1354.39
C02898,780,1,310.46
C02899,253,3,796.62
C02901,682,2,476.67999999999995
C02902,59,5,1394.96
C02904,29,3,627.09
C02905,460,3,849.57
C02907,44,16,4388.72
C02908,116,2,630.74
C02909,86,2,682.65
C02910,253,2,162.28
C02911,557,1,122.26
C02913,82,9,2935.79
C02914,39,16,4056.72
C02915,279,2,285.87
C02916,4,8,2658.32
C02917,50,9,2600.6
C02918,245,10,2035.71
C02920,497,1,279.24
C02921,495,1,461.96
C02922,83,6,1482.19
C02923,50,4,1272.05
C02924,978,1,463.43
C02925,164,1,218.28
C02926,72,11,2532.1800000000003
C02927,88,6,1172.58
C02928,75,12,2693.69
C02929,49,9,2670.61
C02930,235,4,1477.25
C02931,198,5,1365.8400000000001
C02932,339,4,1236.32
C02934,187,3,522.84
C02935,168,8,2601.3199999999997
C02936,116,2,544.37
C02937,92,10,2775.94
C02938,39,3,633.94
C02939,79,5,1090.74
C02941,495,2,599.28
C02942,174,6,2376.3
C02943,202,2,244.06
C02944,8,5,1265.82
C02945,60,9,1378.23
C02947,319,1,202.55
C02948,238,5,1820.3600000000001
C02949,40,3,695.7900000000001
C02950,52,19,5612.43
C02951,100,11,3254.96
C02952,44,9,3052.77
C02953,414,4,987.88
C02954,74,2,379.69
C02955,190,10,2356.41
C02956,105,6,2262.51
C02957,16,5,1231.52
C02958,31,7,2429.8
C02959,35,3,704.36
C02960,30,10,2643.2400000000002
C02962,773,2,836.4000000000001
C02963,332,1,39.38
C02964,11,16,4269.89
C02965,88,11,2470.01
C02966,868,2,453.87
C02967,115,7,1727.45
C02968,92,4,557.8199999999999
C02969,51,15,4922.28
C02970,221,3,800.5699999999999
C02971,523,2,441.89
C02973,40,4,1096.17
C02974,7,5,1765.47
C02975,146,4,1321.69
C02977,57,14,3653.92
C02979,249,5,1008.34
C02980,98,18,5959.46
C02981,236,2,539.11
C02982,602,1,209.24
C02983,162,7,1744.3
C02984,19,7,1875.67
C02985,400,2,813.98
C02986,51,13,3060.9
C02988,64,6,1226.96
C02989,33,8,1883.08
C02990,7,12,3395.63
C02991,941,1,93.93
C02992,27,11,3076.73
C02993,430,1,385.58
C02994,163,4,652.52
C02996,216,11,2577.13
C02997,46,1,453.76
C02998,583,4,932.05
C02999,648,1,461.01
C03000,77,12,3454.96
C03001,83,8,1720.25
C03002,75,6,1759.12
C03004,87,7,1868.44
C03005,145,7,1454.26
C03006,17,21,5239.07
C03007,44,11,2307.14
C03009,80,9,2366.88
C03011,51,5,1358.8400000000001
C03012,143,2,124.88999999999999
C03014,279,4,823.0
C03015,127,4,1235.78
C03017,8,9,2400.11
C03018,662,2,577.31
C03019,71,1,209.92
C03020,86,5,1446.31
C03021,15,2,788.15
C03022,824,1,130.2
C03023,57,9,3527.19
C03025,613,2,553.25
C03027,76,16,4507.78
C03028,63,5,1129.51
C03029,359,6,1008.6800000000001
C03030,54,8,1857.68
C03031,928,1,167.22
C03032,756,3,680.25
C03033,57,10,2514.39
C03036,215,4,1192.63
C03037,395,1,439.49
C03038,20,21,4726.12
C03040,42,3,801.36
C03041,787,2,666.85
C03042,5,14,4171.05
C03044,127,4,1130.48
C03045,64,11,3073.56
C03046,16,5,1165.31
C03047,36,3,922.84
C03048,355,5,1279.18
C03051,146,3,728.58
C03052,219,2,509.47
C03054,881,2,307.73
C03055,232,3,831.63
C03056,107,20,4563.65
C03057,205,5,1189.87
C03060,26,8,2335.79
C03061,391,3,746.9300000000001
C03063,415,2,592.51
C03064,472,2,384.06
C03065,185,2,307.25
C03068,78,12,3725.83
C03069,622,2,561.79
C03070,223,6,2060.87
C03071,151,5,1654.0
C03072,406,4,1396.12
C03073,332,2,433.21999999999997
C03075,549,2,780.26
C03076,317,7,1537.17
C03077,229,13,2938.13
C03078,385,1,36.42
C03080,166,14,3420.91
C03081,172,8,2015.2
C03082,114,12,2634.8500000000004
C03083,701,1,382.0
C03084,38,4,470.62
C03085,5,3,519.72
C03086,144,6,2274.44
C03087,637,1,108.32
C03089,249,7,1492.5900000000001
C03090,114,2,535.7
C03091,183,3,911.6
C03092,14,13,4680.97
C03094,47,8,2514.15
C03095,149,1,198.45
C03096,288,7,1525.76
C03097,8,17,4475.75
C03098,646,1,275.43
C03100,141,4,1458.26
C03101,205,1,97.69
C03102,54,10,2805.75
C03103,151,9,2391.28
C03104,372,4,1376.85
C03105,93,2,612.03
C03106,423,2,534.5600000000001
C03107,268,5,1546.6599999999999
C03109,29,6,1573.5
C03110,82,4,988.23
C03111,65,6,1443.6399999999999
C03112,608,1,239.89
C03113,43,4,970.8199999999999
C03115,180,2,305.40999999999997
C03116,80,12,2976.61
C03117,198,5,1107.76
C03119,395,4,990.07
C03120,508,1,46.81
C03121,592,1,11.3
C03122,879,1,173.17
C03124,384,5,1342.04
C03125,2,5,1049.01
C03126,20,4,591.26
C03127,28,3,872.15
C03129,54,13,4300.67
C03130,666,2,653.95
C03131,36,5,1517.5300000000002
C03132,125,5,1124.8600000000001
C03133,24,13,2454.65
C03134,25,4,1179.82
C03135,174,1,262.96
C03136,161,5,1437.34
C03137,107,8,1756.02
C03138,125,8,1893.69
C03139,584,1,409.33
C03141,912,1,168.99
C03142,37,9,2185.48
C03143,154,4,409.31
C03144,44,3,250.88
C03145,87,2,706.75
C03146,311,1,164.39
C03147,127,7,1763.24
C03148,21,9,3561.23
C03149,64,6,1401.43
C03150,881,2,552.55
C03151,137,2,460.47999999999996
C03153,200,7,930.1700000000001
C03154,110,2,540.54
C03155,790,1,325.23
C03156,87,6,1836.51
C03157,24,11,2580.04
C03159,88,7,1727.1
C03161,623,1,421.01
C03163,724,1,402.81
C03164,405,4,1181.3700000000001
C03166,665,3,980.89
C03167,62,11,2130.9
C03169,54,4,873.5500000000001
C03170,268,2,565.95
C03171,89,4,1111.72
C03172,142,1,429.99
C03173,28,1,428.8
C03176,260,2,592.55
C03177,154,3,777.48
C03178,140,14,3242.91
C03179,127,9,2094.88
C03180,106,8,2307.09
C03182,951,1,462.24
C03183,333,3,811.52
C03184,202,1,92.78
C03185,3,3,253.5
C03186,108,2,681.97
C03188,224,4,1069.21
C03189,74,13,3880.54
C03190,6,9,2323.05
C03191,530,1,180.31
C03192,17,11,2664.01
C03193,81,16,3374.39
C03194,105,2,479.27
C03195,246,1,469.13
C03196,202,7,2350.71
C03197,228,15,3403.85
C03198,42,11,3205.78
C03200,434,3,582.1800000000001
C03201,145,3,879.55
C03202,475,4,1151.51
C03203,645,2,602.14
C03204,183,13,3396.27
C03205,710,2,326.7
C03206,275,10,2023.38
C03207,94,9,1772.75
C03208,40,8,2158.98
C03209,366,2,429.19
C03210,70,8,1967.36
C03211,873,1,299.95
C03212,271,6,1650.33
C03213,117,1,101.12
C03214,16,12,3427.06
C03215,188,1,140.87
C03217,953,1,27.22
C03219,30,6,1435.58
C03220,786,2,863.74
C03221,520,2,212.28
C03225,81,2,562.52
C03226,36,8,1257.8
C03227,605,1,345.97
C03228,402,2,228.75
C03229,662,1,247.12
C03230,712,1,412.52
C03231,722,2,541.73
C03232,1,3,614.3100000000001
C03233,676,1,443.85
C03235,118,5,1398.56
C03236,168,2,461.91999999999996
C03238,50,16,4177.52
C03239,663,2,635.9300000000001
C03240,636,1,370.74
C03241,253,5,1439.0
C03242,148,5,1762.53
C03243,133,6,1211.0700000000002
C03244,187,3,1335.03
C03245,386,4,1403.62
C03247,578,1,156.92
C03248,530,1,444.5
C03249,142,11,3003.36
C03250,64,7,2464.8199999999997
C03251,190,5,753.9
C03252,215,2,298.61
C03253,46,6,1793.43
C03255,102,2,221.64
C03256,351,1,170.59
C03257,174,4,1311.6100000000001
C03258,5,2,818.27
C03259,108,5,1178.83
C03260,122,12,2931.75
C03262,704,2,785.6700000000001
C03263,995,1,73.35
C03265,4,9,2779.46
C03267,121,4,544.1600000000001
C03268,642,3,740.62
C03269,305,7,1977.5
C03270,282,4,1140.96
C03271,486,1,335.27
C03273,185,5,1172.83
C03274,101,6,1683.32
C03275,330,5,1568.3799999999999
C03276,11,7,1797.6799999999998
C03277,110,8,1816.34
C03278,812,1,104.74
C03279,855,2,179.02
C03280,304,5,689.14
C03282,294,1,239.64
C03283,52,6,1565.7
C03284,73,15,3764.09
C03285,112,2,520.45
C03287,208,3,1067.26
C03288,108,4,1001.01
C03289,32,13,3684.65
C03290,249,1,347.22
C03292,62,7,2011.97
C03293,342,5,1457.85
C03294,73,5,1159.06
C03295,9,28,6773.03
C03297,41,3,603.41
C03298,566,1,130.23
C03299,336,4,737.5
C03300,47,9,2160.61
C03301,11,1,379.58
C03302,139,30,6835.2300000000005
C03303,195,5,777.04
C03304,830,1,49.98
C03305,934,1,117.37
C03306,497,2,237.65
C03307,514,2,587.6500000000001
C03310,75,2,808.11
C03311,242,4,1007.98
C03312,118,4,702.21
C03313,57,7,1195.8400000000001
C03316,503,2,512.99
C03317,737,1,42.7
C03319,156,6,1425.3600000000001
C03320,10,4,882.21
C03321,241,3,979.02
C03323,15,7,1703.06
C03324,90,4,718.26
C03325,277,4,1363.94
C03326,9,12,3148.19
C03327,128,9,2158.65
C03328,894,2,466.15
C03329,319,1,113.17
C03330,397,4,896.53
C03331,651,5,1074.6
C03332,107,4,948.29
C03333,333,1,201.45
C03334,72,2,701.3
C03335,8,14,3263.2
C03336,90,6,841.98
C03337,90,17,4267.08
C03338,59,10,2596.36
C03339,309,4,778.48
C03340,266,7,2059.95
C03341,33,8,2378.16
C03342,98,5,1350.18
C03343,50,7,2258.85
C03345,134,3,1123.42
C03346,123,7,2242.63
C03347,14,1,486.66
C03349,34,6,1369.66
C03352,385,1,496.07
C03353,8,10,2958.57
C03354,364,2,398.03000000000003
C03357,431,2,518.62
C03358,143,3,1299.68
C03359,123,8,2075.35
C03360,117,9,3155.19
C03361,53,12,2948.96
C03362,207,2,717.05
C03363,10,3,386.11
C03364,53,1,175.92
C03365,9,14,3214.13
C03366,465,1,38.76
C03370,74,6,1234.6399999999999
C03371,450,2,914.8399999999999
C03372,41,4,581.84
C03373,132,2,503.2
C03374,506,1,339.61
C03375,63,8,2504.04
C03376,75,9,1764.69
C03377,70,9,1928.82
C03378,935,1,299.78
C03380,559,3,797.42
C03381,836,1,87.66
C03382,68,3,885.8699999999999
C03386,70,10,1608.0
C03387,472,1,137.48
C03388,86,9,1944.84
C03390,264,6,1766.62
C03391,411,5,1105.06
C03392,71,7,2031.54
C03393,11,13,3066.61
C03394,69,1,197.43
C03395,80,14,4209.01
C03396,121,20,3977.88
C03397,35,13,3395.7799999999997
C03398,368,7,1559.4
C03399,723,1,286.05
C03400,71,6,1983.19
C03402,681,1,321.42
C03403,27,38,10116.07
C03405,133,7,1707.39
C03406,202,4,991.19
C03407,71,6,929.02
C03408,86,23,6063.2
C03409,68,3,937.65
C03411,25,3,970.9399999999999
C03414,21,2,492.75
C03415,231,7,814.4399999999999
C03416,123,7,2207.06
C03418,141,3,800.22
C03419,142,1,346.91
C03421,369,7,1743.2
C03422,454,1,87.58
C03423,91,6,1551.35
C03425,167,10,3190.67
C03426,46,4,1066.84
C03427,138,1,276.21
C03428,217,4,956.25
C03429,96,12,3404.85
C03430,116,5,1428.31
C03431,334,5,2069.24
C03432,60,24,5751.19
C03433,318,4,961.49
C03434,635,1,111.72
C03435,376,4,1000.8
C03436,644,1,252.71
C03437,782,1,139.38
C03438,117,3,518.0500000000001
C03439,34,11,2825.28
C03440,171,7,1342.8700000000001
C03441,47,4,968.85
C03442,6,4,723.08
C03444,30,32,7364.54
C03445,4,25,6312.38
C03446,407,2,312.71
C03447,54,14,3490.07
C03448,50,10,2310.14
C03449,356,3,844.5
C03451,984,1,278.93
C03452,217,4,826.03
C03453,430,6,1242.45
C03455,27,14,3460.21
C03456,839,1,332.44
C03457,18,4,689.55
C03458,35,7,1227.83
C03459,52,7,1669.28
C03460,61,5,1052.79
C03461,112,1,20.52
C03463,155,5,1248.1100000000001
C03464,314,2,455.39
C03465,942,1,424.1
C03466,45,7,2263.5
C03467,229,5,978.46
C03468,83,8,2046.25
C03469,135,5,1008.99
C03470,99,3,723.45
C03472,161,4,872.07
C03473,143,5,1377.62
C03474,82,7,1877.55
C03475,91,12,3357.7
C03476,108,7,2241.33
C03477,85,13,3144.54
C03478,204,4,606.4
C03479,12,4,1264.47
C03480,120,2,265.85
C03481,575,1,484.2
C03483,884,1,206.21
C03484,88,19,4949.01
C03485,101,6,1912.01
C03486,421,2,422.78999999999996
C03487,88,2,518.96
C03489,185,1,438.92
C03491,572,1,82.55
C03492,33,2,260.9
C03493,83,8,2267.35
C03494,91,4,1140.47
C03495,251,2,357.84
C03496,320,2,681.9200000000001
C03497,157,14,3788.14
C03498,119,10,2455.11
C03499,256,2,441.38
C03500,92,6,2084.71
C03501,540,1,147.37
C03502,596,5,1262.3200000000002
C03503,16,30,6333.35
C03504,130,1,138.04
C03505,77,11,3397.62
C03506,249,2,803.1500000000001
C03507,105,23,5245.84
C03508,317,3,1241.97
C03509,32,13,3609.19
C03511,233,1,348.41
C03513,25,24,8684.119999999999
C03514,54,5,646.51
C03515,65,7,1606.55
C03516,28,5,1531.67
C03518,560,2,500.36
C03520,411,1,47.41
C03522,267,3,599.53
C03524,122,1,59.26
C03525,912,1,312.87
C03527,33,22,6214.35
C03528,211,6,1424.69
C03529,25,12,3100.41
C03530,41,5,1322.88
C03531,210,3,418.74
C03532,192,8,2018.64
C03533,157,3,582.42
C03535,879,1,36.33
C03538,813,1,367.73
C03539,275,4,1122.09
C03542,154,6,1876.77
C03543,131,2,422.51
C03544,353,2,414.83000000000004
C03545,15,8,2026.4099999999999
C03546,179,3,504.12
C03548,178,3,860.8100000000001
C03549,140,4,1342.48
C03550,54,6,1011.15
C03551,48,8,1634.3000000000002
C03552,935,1,260.15
C03553,275,7,1390.13
C03554,38,2,816.9200000000001
C03556,59,8,1929.44
C03557,368,3,1089.52
C03558,342,4,1094.26
C03560,674,1,481.69
C03561,654,2,873.48
C03562,113,10,1802.3799999999999
C03564,289,2,441.2
C03565,886,1,401.93
C03566,37,7,2361.35
C03567,21,5,960.8100000000001
C03568,97,4,877.15
C03569,252,8,1744.55
C03570,215,14,2766.16
C03571,72,1,149.55
C03572,330,4,1220.58
C03573,190,8,1672.19
C03574,23,22,4382.08
C03575,10,11,2382.18
C03576,263,2,510.77000000000004
C03577,928,1,248.6
C03578,29,3,589.28
C03579,212,7,1706.94
C03580,434,2,674.44
C03581,148,4,1315.44
C03582,252,9,2044.11
C03583,312,3,669.95
C03584,96,7,2297.7
C03585,134,1,207.4
C03586,692,2,489.08
C03588,20,6,1259.36
C03589,462,2,623.5799999999999
C03590,49,2,464.74
C03591,147,17,5051.03
C03593,78,4,636.49
C03594,4,3,745.1099999999999
C03595,204,6,2140.57
C03596,289,5,1478.5800000000002
C03597,63,2,577.87
C03598,66,5,1909.5
C03599,542,3,971.4300000000001
C03600,453,6,1766.0900000000001
C03602,214,6,901.8399999999999
C03604,219,2,385.95
C03606,266,2,520.6
C03607,181,8,2079.71
C03608,217,3,696.48
C03609,188,12,2364.29
C03610,81,19,5223.71
C03611,194,4,1730.5
C03614,13,2,73.57000000000001
C03615,155,1,468.35
C03616,819,1,395.89
C03617,380,5,1370.59
C03618,23,13,2529.07
C03619,173,7,2075.19
C03621,22,6,1796.0099999999998
C03622,563,3,388.99
C03623,339,2,344.68
C03624,189,6,1256.51
C03628,165,10,2607.14
C03629,11,7,1872.49
C03630,170,4,1087.05
C03631,293,4,1119.27
C03633,103,3,1066.6
C03634,15,3,926.88
C03635,460,1,152.63
C03636,337,3,750.8399999999999
C03637,12,11,3092.91
C03639,123,4,978.88
C03642,58,8,1575.2
C03643,831,1,90.44
C03644,295,4,1308.0
C03645,29,8,1739.3999999999999
C03646,385,1,460.01
C03647,158,2,409.71999999999997
C03648,595,3,995.56
C03649,30,6,1168.5800000000002
C03650,28,34,8269.85
C03651,186,5,1701.16
C03652,333,5,1044.71
C03653,336,7,2200.96
C03654,112,2,277.86
C03656,45,4,955.71
C03657,396,2,430.53999999999996
C03658,196,1,362.71
C03659,73,5,643.79
C03660,75,9,2030.09
C03661,399,3,743.94
C03662,949,1,340.37
C03665,62,2,439.03999999999996
C03666,490,3,522.1500000000001
C03667,126,6,1732.34
C03670,149,4,789.72
C03671,73,4,1311.67
C03672,889,2,508.32
C03673,261,5,1311.29
C03674,220,1,454.68
C03675,286,4,1336.72
C03676,658,1,478.29
C03677,391,2,531.2
C03679,116,10,2483.99
C03680,623,3,1028.04
C03681,9,5,1403.99
C03683,161,5,1591.13
C03684,118,3,904.0899999999999
C03685,42,5,1169.46
C03686,260,2,289.25
C03687,79,11,2579.37
C03688,706,1,394.41
C03691,237,9,2659.71
C03692,39,6,2115.14
C03693,286,6,1534.93
C03694,445,1,218.93
C03697,49,16,3771.52
C03698,367,1,126.09
C03699,68,10,2722.0099999999998
C03700,309,3,515.5799999999999
C03701,209,3,441.46999999999997
C03702,76,5,1248.57
C03703,158,2,406.38
C03704,7,7,1942.77
C03705,74,12,2341.48
C03706,137,6,1923.38
C03707,77,11,2826.9900000000002
C03709,368,3,864.46
C03710,32,19,4245.83
C03712,178,7,1937.59
C03713,168,4,1424.54
C03714,58,2,227.25
C03715,20,22,5820.68
C03717,298,3,624.5699999999999
C03719,30,1,472.11
C03720,417,2,419.68
C03721,181,1,240.6
C03722,105,9,2890.4900000000002
C03723,58,14,2585.16
C03725,784,2,643.5999999999999
C03726,28,12,2779.07
C03729,257,2,438.68
C03730,401,1,318.15
C03732,27,23,6637.23
C03734,146,4,1384.15
C03735,86,2,480.83
C03736,29,5,801.29
C03737,14,4,1050.69
C03738,187,5,1718.31
C03739,308,5,1325.51
C03740,865,1,305.62
C03741,49,16,4039.95
C03742,90,9,2518.24
C03743,64,7,1656.57
C03746,986,1,52.29
C03748,131,2,511.06
C03749,612,2,668.1099999999999
C03750,58,12,2868.17
C03751,82,13,3330.91
C03752,44,15,3972.91
C03753,281,2,462.46
C03754,562,1,357.05
C03755,460,2,478.45
C03758,3,4,1331.8999999999999
C03759,438,3,1020.0799999999999
C03760,29,13,2813.68
C03761,207,1,307.87
C03762,268,8,1723.38
C03763,340,2,177.89000000000001
C03764,715,1,129.55
C03765,63,2,405.55
C03766,60,5,1249.0
C03767,371,2,489.81
C03768,41,6,1416.01
C03771,114,1,53.78
C03772,138,11,2362.6
C03773,584,2,787.15
C03774,88,6,1371.8899999999999
C03775,169,7,1296.08
C03776,19,11,2009.3799999999999
C03777,40,7,1951.6999999999998
C03778,186,3,902.8400000000001
C03779,139,3,798.46
C03780,66,16,4235.29
C03781,512,2,659.0699999999999
C03782,250,6,1244.55
C03784,85,4,1269.58
C03785,185,6,1092.1
C03786,99,2,427.54999999999995
C03787,247,4,1248.07
C03788,125,6,1802.5
C03790,64,21,4554.38
C03793,11,2,104.58999999999999
C03794,45,10,3689.42
C03796,614,4,1068.6399999999999
C03797,372,5,1867.54
C03801,1,3,703.5500000000001
C03802,52,12,2588.4500000000003
C03803,16,6,2020.55
C03804,93,15,3058.83
C03805,306,2,608.77
C03806,8,14,3769.39
C03807,536,3,656.4000000000001
C03808,341,1,197.43
C03809,356,1,31.51
C03810,148,1,373.4
C03811,88,4,906.2099999999999
C03812,369,1,10.59
C03814,8,3,859.9300000000001
C03816,279,3,1064.84
C03817,38,2,147.07
C03818,14,5,1501.37
C03819,39,10,1777.4299999999998
C03820,55,3,1052.5900000000001
C03821,953,1,235.8
C03822,321,2,505.97999999999996
C03823,127,9,3120.39
C03824,215,3,156.87
C03825,336,1,124.01
C03826,398,1,493.57
C03827,17,3,794.6999999999999
C03828,185,3,1152.63
C03829,13,8,2141.13
C03830,994,1,95.7
C03831,583,1,229.95
C03832,191,9,2159.23
C03833,154,4,1119.5
C03834,866,1,364.25
C03835,57,2,488.37
C03836,972,1,31.61
C03837,67,14,3324.39
C03839,74,15,3456.76
C03840,103,5,1449.97
C03841,2,4,1019.6700000000001
C03843,65,5,965.35
C03846,106,7,2069.43
C03847,73,13,3713.27
C03848,93,6,2273.98
C03849,318,8,1995.69
C03850,623,1,355.87
C03851,1,7,1895.3400000000001
C03852,858,1,177.11
C03853,99,6,1930.8100000000002
C03854,64,20,4672.8
C03855,223,4,1302.06
C03857,337,1,71.9
C03858,385,3,1061.6
C03859,239,2,543.91
C03860,104,6,1462.76
C03861,124,6,1880.75
C03862,42,2,498.94
C03864,251,3,1147.1599999999999
C03865,505,1,38.34
C03866,417,2,562.86
C03867,258,4,826.32
C03868,126,5,853.6899999999999
C03869,132,7,1766.64
C03870,196,1,29.97
C03871,270,1,155.02
C03874,19,6,1712.8300000000002
C03876,328,3,443.22
C03877,170,2,562.63
C03878,160,6,1659.69
C03879,137,10,2204.9700000000003
C03880,309,2,573.25
C03881,87,3,1139.01
C03882,232,4,878.54
C03883,7,21,5656.83
C03885,50,15,3607.35
C03886,12,15,3578.58
C03887,119,12,3766.62
C03888,573,2,807.44
C03889,245,2,856.34
C03890,169,3,468.11
C03891,100,5,1126.4
C03892,145,4,1353.19
C03893,442,5,867.72
C03894,149,3,641.8399999999999
C03895,363,4,1182.17
C03896,8,9,1990.31
C03897,314,1,376.77
C03898,55,8,2415.0
C03899,300,3,491.97999999999996
C03900,332,12,4044.4900000000002
C03901,386,3,396.14
C03902,113,2,344.89
C03903,102,8,1674.93
C03905,13,13,4047.74
C03906,25,3,886.48
C03907,205,2,396.32000000000005
C03909,89,4,1171.15
C03910,81,4,389.74
C03912,101,3,872.95
C03914,70,18,4774.14
C03915,192,15,3370.17
C03916,158,5,1090.9199999999998
C03917,388,3,529.26
C03918,157,1,494.15
C03919,239,3,965.73
C03920,298,7,1337.21
C03921,328,5,1329.53
C03922,127,6,2163.52
C03923,83,7,1641.4099999999999
C03924,354,2,352.48
C03925,85,23,5533.29
C03927,24,8,1916.59
C03928,437,4,817.38
C03929,187,3,934.03
C03930,509,1,430.95
C03931,63,14,3694.07
C03933,324,3,449.58
C03934,561,2,371.57
C03935,381,2,445.77
C03936,217,5,1333.55
C03937,270,4,1672.6100000000001
C03940,193,1,283.21
C03941,29,10,2172.6
C03942,69,10,2810.97
C03944,385,3,774.75
C03947,135,5,1026.9
C03948,122,5,1841.1
C03949,208,1,285.1
C03950,243,1,389.29
C03952,23,9,2590.31
C03953,69,10,2844.41
C03955,573,1,15.11
C03956,17,6,2098.71
C03957,68,10,3033.49
C03958,24,1,108.01
C03959,675,1,234.05
C03961,42,3,923.5
C03962,86,3,544.1600000000001
C03964,75,4,570.89
C03966,155,6,960.22
C03969,247,7,1714.06
C03970,310,3,1065.8200000000002
C03971,33,22,6213.69
C03972,124,6,2000.3400000000001
C03973,459,1,34.51
C03974,47,6,1674.89
C03975,605,2,153.43
C03976,8,15,3949.5
C03977,91,2,512.14
C03978,406,2,503.65999999999997
C03980,438,3,794.83
C03981,221,3,686.46
C03982,94,8,1730.48
C03983,63,2,476.04999999999995
C03985,42,7,2335.25
C03986,455,6,1558.1
C03988,108,1,109.48
C03989,542,4,903.63
C03990,5,9,2817.18
C03991,302,1,21.52
C03993,40,5,837.7800000000001
C03995,152,3,929.4300000000001
C03996,631,1,436.13
C03997,81,4,959.1800000000001
C03998,394,1,48.5
C03999,108,6,1824.4099999999999
C04001,15,6,1325.3200000000002
C04002,160,8,1402.25
C04003,115,7,2817.85
C04004,292,2,696.51
C04007,92,3,638.22
C04008,736,1,381.32
C04009,101,5,1408.41
C04013,191,5,996.88
C04014,154,1,47.54
C04015,300,5,1713.23
C04016,298,2,396.74
C04017,58,9,1964.93
C04018,16,6,2010.82
C04019,132,2,357.84000000000003
C04020,202,1,229.18
C04021,150,3,994.24
C04022,489,1,58.78
C04023,23,11,3063.81
C04024,113,5,1218.1799999999998
C04025,95,2,337.67
C04026,86,5,1339.3
C04028,112,2,562.16
C04029,154,5,1707.95
C04030,169,1,223.87
C04031,175,7,1739.14
C04032,90,1,45.38
C04034,107,22,6474.55
C04035,897,1,420.92
C04036,77,19,5491.68
C04037,1,21,5175.55
C04038,117,6,1807.3799999999999
C04039,61,7,1765.03
C04040,7,10,1675.28
C04041,66,8,1225.91
C04042,824,2,593.35
C04044,56,5,1235.96
C04045,826,2,870.19
C04046,584,1,467.4
C04047,457,1,445.94
C04048,105,5,1649.28
C04049,172,5,1125.4099999999999
C04050,741,1,153.09
C04051,42,17,3624.01
C04052,577,3,570.4
C04053,86,7,2040.79
C04054,279,6,1087.64
C04055,42,6,1503.62
C04057,41,11,2391.68
C04059,153,10,3047.8999999999996
C04060,18,17,4789.9
C04061,922,1,333.84
C04062,871,1,139.7
C04063,238,7,1836.13
C04064,661,1,61.86
C04065,289,11,2625.27
C04068,2,26,7681.65
C04069,74,6,1492.74
C04070,263,7,2380.13
C04071,252,1,470.72
C04072,33,3,244.99
C04073,623,2,371.54
C04074,219,6,1808.0
C04075,236,11,2859.57
C04076,555,1,23.22
C04077,345,1,297.81
C04079,494,7,2080.56
C04080,326,1,257.32
C04081,88,5,972.55
C04082,110,2,284.32000000000005
C04083,176,8,1929.33
C04084,48,5,1140.47
C04085,507,1,82.61
C04087,168,2,353.18
C04088,81,5,931.45
C04089,108,8,1003.48
C04091,123,6,1255.76
C04092,427,1,243.33
C04093,68,2,607.21
C04094,105,9,1825.26
C04095,111,5,950.0699999999999
C04096,236,3,639.9
C04098,149,2,634.5799999999999
C04099,334,2,297.32
C04101,39,4,1048.12
C04102,277,3,849.77
C04105,58,2,444.9
C04106,159,3,766.4300000000001
C04107,11,14,3209.78
C04109,108,6,1574.08
C04110,163,4,1370.49
C04111,160,2,529.25
C04112,79,2,162.68
C04115,23,4,1027.82
C04116,229,1,87.0
C04117,25,10,3150.89
C04118,246,3,498.87
C04119,367,2,631.9300000000001
C04120,267,8,1679.57
C04121,151,2,254.04000000000002
C04122,16,5,2108.41
C04123,65,7,1817.1
C04124,258,12,3536.35
C04125,91,7,2061.01
C04126,228,6,1287.74
C04127,113,6,1365.54
C04128,22,14,3002.62
C04129,559,2,493.09000000000003
C04131,523,2,613.2
C04133,73,4,1079.4099999999999
C04134,257,3,1322.0900000000001
C04135,171,5,1182.55
C04137,39,3,853.87
C04138,362,3,777.42
C04139,6,8,1729.93
C04140,7,4,1075.71
C04143,159,1,256.94
C04144,16,9,2415.64
C04145,248,10,1890.86
C04146,129,10,3034.67
C04147,344,2,532.04
C04148,162,3,874.3299999999999
C04149,39,5,1581.1399999999999
C04150,63,8,2677.5299999999997
C04153,36,6,1488.44
C04155,733,1,80.85
C04157,8,6,1390.39
C04158,69,16,4546.18
C04159,46,12,3829.64
C04160,141,8,2279.02
C04161,542,2,283.85
C04163,18,3,1113.28
C04164,71,3,846.17
C04165,197,3,1074.65
C04166,149,1,218.0
C04167,468,1,231.9
C04169,61,1,118.53
C04171,435,1,363.41
C04172,84,19,4789.05
C04173,33,4,1360.97
C04174,631,5,1235.04
C04175,38,9,2533.68
C04176,21,26,6061.99
C04177,209,2,570.7
C04178,94,7,1066.23
C04179,295,3,331.57
C04181,178,3,943.14
C04182,177,7,1675.99
C04183,433,4,1067.0900000000001
C04184,1,3,1013.46
C04186,220,2,265.14
C04187,720,1,436.27
C04188,250,2,428.8
C04189,33,6,1958.72
C04190,14,3,985.3199999999999
C04191,22,9,2611.21
C04192,25,12,3030.5099999999998
C04193,726,1,246.95
C04194,2,7,1893.01
C04195,108,3,595.09
C04196,293,1,495.22
C04198,666,1,77.75
C04199,391,3,847.58
C04200,476,1,380.49
C04201,225,11,2767.83
C04204,26,20,4228.57
C04205,4,1,388.09
C04206,474,1,154.12
C04207,297,5,995.89
C04208,331,4,504.71
C04209,311,1,324.95
C04212,52,5,1193.53
C04213,108,4,1467.94
C04214,60,3,733.05
C04215,304,5,1265.82
C04216,161,7,2076.18
C04218,95,3,933.5699999999999
C04219,7,8,2176.02
C04222,235,6,1634.72
C04223,290,9,2215.69
C04224,364,5,1176.8600000000001
C04225,146,4,1194.55
C04226,3,4,540.55
C04227,357,3,711.81
C04228,120,3,408.06
C04229,25,5,1523.49
C04231,176,7,1527.6100000000001
C04232,228,3,632.52
C04233,468,2,731.08
C04234,22,13,3322.81
C04236,598,3,958.81
C04237,316,1,127.67
C04238,18,8,2564.37
C04239,45,5,1353.6399999999999
C04240,527,1,172.17
C04241,574,2,826.06
C04242,1,2,413.11
C04243,75,9,2948.49
C04244,142,1,473.28
C04245,23,3,928.77
C04246,64,13,3828.75
C04247,271,1,399.4
C04248,394,1,434.04
C04249,362,4,1162.57
C04250,54,16,4935.01
C04251,124,1,475.32
C04253,16,5,1065.81
C04254,378,2,373.69
C04255,368,1,87.68
C04256,26,6,1212.56
C04257,22,35,8507.04
C04258,75,4,1440.17
C04259,186,2,224.22
C04260,246,4,837.41
C04261,604,1,396.11
C04262,103,10,2977.88
C04263,58,3,481.40000000000003
C04264,721,2,258.54
C04265,202,4,1087.95
C04266,21,4,908.28
C04267,521,4,982.83
C04268,485,2,863.93
C04269,298,3,665.87
C04270,53,23,6271.96
C04271,108,2,425.86
C04272,155,12,2312.77
C04274,671,3,987.36
C04275,282,4,609.67
C04276,200,8,1910.85
C04277,702,2,472.12
C04280,169,3,794.45
C04282,73,5,797.8
C04283,268,1,12.32
C04285,129,4,1394.4099999999999
C04286,547,1,215.3
C04287,104,13,3174.02
C04288,95,7,1798.01
C04289,124,6,1454.56
C04290,33,5,1147.53
C04291,809,2,672.63
C04293,389,2,511.88
C04294,129,10,2570.7000000000003
C04295,659,1,202.57
C04297,636,1,78.24
C04298,130,3,905.14
C04299,125,6,2049.11
C04300,21,5,1212.79
C04302,23,14,3944.67
C04303,30,5,1298.56
C04304,397,5,1203.1
C04305,28,10,2461.11
C04307,69,3,256.46
C04309,187,7,1912.67
C04310,335,10,1689.77
C04312,3,15,3376.66
C04314,179,11,2761.94
C04315,99,10,3542.21
C04316,350,2,429.77
C04317,45,2,867.41
C04319,469,3,850.1999999999999
C04320,41,3,939.58
C04321,278,4,1305.58
C04322,93,11,3273.59
C04323,6,5,1429.0900000000001
C04324,249,1,474.6
C04325,7,7,1958.8
C04326,36,8,2295.7200000000003
C04328,83,14,2994.46
C04330,42,7,1124.54
C04331,107,5,1740.27
C04332,910,1,430.81
C04333,207,3,679.0
C04334,621,5,1508.69
C04335,450,2,438.03999999999996
C04337,232,1,151.41
C04338,10,13,3512.39
C04339,503,1,440.04
C04340,554,1,369.6
C04341,446,3,705.62
C04343,105,6,2073.5
C04344,54,13,3569.43
C04345,106,1,328.75
C04346,410,4,937.8299999999999
C04347,84,10,2351.37
C04348,588,1,39.57
C04349,195,11,2424.74
C04350,50,3,770.53
C04351,121,9,1427.82
C04352,180,5,1073.6
C04353,438,3,423.3
C04354,127,7,2128.1
C04355,493,5,1065.44
C04356,80,6,1546.17
C04357,40,1,237.85
C04358,203,3,404.54
C04359,791,1,262.27
C04360,395,2,527.77
C04362,74,5,1050.6100000000001
C04363,47,8,2229.88
C04364,293,3,688.02
C04366,25,9,2048.04
C04367,1000,1,474.2
C04368,870,1,231.87
C04369,445,2,839.57
C04370,207,1,291.82
C04372,108,4,1074.29
C04374,184,2,113.77
C04375,81,2,296.63
C04376,77,5,950.87
C04377,465,4,1364.28
C04378,31,7,2193.75
C04379,53,1,375.42
C04380,999,1,453.0
C04383,553,2,413.16999999999996
C04384,638,3,1214.1
C04385,28,10,3262.86
C04386,171,9,1998.8
C04387,74,17,4522.05
C04389,12,2,832.63
C04391,13,2,640.81
C04392,194,2,611.15
C04393,9,4,1052.79
C04395,292,10,2204.63
C04396,191,6,1853.95
C04397,121,2,866.78
C04399,185,1,454.68
C04401,97,1,231.97
C04402,82,1,23.28
C04403,668,2,604.97
C04404,202,1,272.78
C04405,49,20,4765.97
C04406,310,5,1572.28
C04407,110,15,3582.69
C04408,411,2,349.78
C04410,227,3,1020.0
C04413,210,8,1569.62
C04414,282,6,1928.9
C04415,875,1,248.36
C04416,99,6,1148.53
C04417,761,1,116.16
C04419,111,2,723.0
C04420,850,1,173.23
C04421,33,1,222.37
C04422,32,18,3262.91
C04423,17,5,1552.65
C04424,318,3,684.1600000000001
C04425,201,1,52.72
C04426,397,4,1198.24
C04427,506,1,275.86
C04429,688,2,635.17
C04430,62,2,549.89
C04431,88,7,901.3100000000001
C04432,182,4,1269.9
C04433,126,2,627.63
C04434,101,11,3198.96
C04436,261,1,229.54
C04437,721,2,545.64
C04438,23,7,1481.98
C04439,60,11,2420.0
C04441,228,8,2362.34
C04442,139,8,1703.14
C04443,19,1,236.74
C04444,980,1,348.98
C04445,884,1,117.76
C04446,2,16,4896.22
C04447,119,1,168.3
C04448,29,10,2442.88
C04449,331,2,515.63
C04450,18,10,1877.59
C04451,948,1,456.2
C04452,118,5,1388.83
C04453,141,13,2997.03
C04454,75,13,3361.17
C04455,168,16,4631.56
C04457,21,5,892.83
C04458,146,2,586.9
C04460,159,4,1276.23
C04461,524,1,284.29
C04462,101,8,3229.41
C04463,3,16,3953.96
C04464,219,1,260.19
C04465,218,3,882.44
C04466,810,2,367.88
C04467,718,1,479.09
C04468,22,2,523.78
C04469,137,8,2325.45
C04470,10,12,3752.1
C04471,220,10,2807.35
C04472,26,29,7377.38
C04473,184,3,1144.2
C04474,53,4,775.12
C04475,15,7,1790.13
C04476,263,6,1925.59
C04477,44,3,974.9100000000001
C04478,336,2,464.6
C04479,341,5,1350.52
C04480,409,4,1178.2
C04481,167,2,294.56
C04483,423,3,272.5
C04484,87,2,629.88
C04486,274,7,2149.08
C04488,684,1,487.15
C04489,108,8,2270.9700000000003
C04490,61,6,1800.24
C04491,811,1,429.04
C04492,238,4,950.29
C04493,368,3,660.44
C04494,366,2,651.42
C04495,114,11,3027.55
C04496,550,4,922.3499999999999
C04497,58,4,902.62
C04499,251,2,695.69
C04500,326,2,138.15
C04501,483,2,629.2
C04502,178,4,645.68
C04503,490,2,464.08000000000004
C04505,408,3,519.03
C04506,15,2,721.86
C04507,822,3,370.57
C04509,66,4,1259.91
C04510,106,11,2409.38
C04512,128,2,289.78
C04513,386,1,154.62
C04514,422,6,1961.04
C04515,281,4,1073.81
C04516,216,6,1260.76
C04517,198,4,1073.21
C04518,174,13,3229.05
C04519,444,3,940.97
C04521,6,10,2837.12
C04522,788,2,533.0500000000001
C04523,171,10,3552.69
C04524,33,4,1566.49
C04525,17,9,2377.29
C04526,309,2,697.26
C04527,346,7,1240.3799999999999
C04528,162,12,2407.93
C04529,44,3,922.6800000000001
C04530,865,1,423.26
C04532,259,1,128.24
C04534,970,1,18.56
C04535,357,7,1953.86
C04536,267,4,1055.77
C04537,60,2,559.47
C04538,33,6,1340.35
C04539,148,1,259.91
C04540,900,1,229.76
C04541,95,1,461.14
C04542,444,2,835.53
C04543,743,1,417.84
C04544,133,1,42.95
C04545,705,2,223.08
C04546,77,9,1899.93
C04547,541,2,504.15999999999997
C04548,151,4,812.9
C04549,192,4,1268.76
C04550,12,8,2732.51
C04551,98,8,1853.53
C04552,651,1,177.12
C04554,2,11,2216.39
C04555,27,3,1271.7
C04556,259,3,388.23
C04557,33,5,1252.08
C04558,122,4,907.54
C04559,20,15,3551.4500000000003
C04560,34,27,6629.62
C04561,362,5,1171.14
C04562,291,2,732.22
C04563,263,9,2294.63
C04565,421,4,1468.44
C04566,15,11,2632.75
C04567,342,3,702.48
C04568,135,1,462.98
C04570,228,12,3210.9700000000003
C04571,19,2,178.99
C04572,191,4,1004.5799999999999
C04573,126,3,501.56
C04574,4,4,1104.42
C04575,119,7,1671.04
C04579,79,14,3854.78
C04580,2,4,771.25
C04581,119,20,5074.15
C04582,100,4,1040.27
C04583,63,11,2464.0299999999997
C04584,104,7,1732.32
C04585,6,4,1405.3600000000001
C04586,9,13,1951.03
C04587,532,1,205.6
C04589,237,3,921.12
C04590,100,5,940.9300000000001
C04591,102,5,884.3299999999999
C04592,596,1,498.66
C04593,33,4,592.16
C04595,261,4,1290.8
C04596,609,1,216.84
C04597,98,7,2162.62
C04599,254,1,282.5
C04600,556,2,507.05
C04601,657,1,395.58
C04602,202,6,1367.43
C04603,5,6,1407.5700000000002
C04604,375,2,810.94
C04605,2,4,1569.51
C04606,175,14,3472.12
C04607,49,13,3702.6800000000003
C04608,28,2,463.21999999999997
C04609,111,10,2780.98
C04610,243,5,1075.21
C04611,529,2,893.06
C04613,471,2,253.48000000000002
C04614,90,1,244.49
C04615,953,1,437.72
C04616,135,2,598.85
C04617,18,11,1876.78
C04618,33,13,3477.63
C04619,770,1,290.19
C04620,324,6,1821.47
C04621,6,10,2194.14
C04622,15,3,586.45
C04624,281,2,592.59
C04625,43,12,3659.79
C04626,299,5,974.31
C04627,111,5,1292.44
C04628,287,1,473.86
C04629,1001,1,121.24
C04630,821,1,298.4
C04631,94,2,555.5600000000001
C04632,954,1,274.84
C04633,7,6,1224.51
C04634,319,5,1103.21
C04636,34,17,4349.87
C04637,27,1,499.74
C04638,145,7,2043.08
C04639,82,7,1571.76
C04640,260,5,706.65
C04641,23,15,3811.48
C04643,25,11,2917.94
C04645,104,5,1157.3600000000001
C04646,151,6,1600.43
C04647,721,2,325.68
C04649,152,13,3335.53
C04650,816,1,199.73
C04652,37,5,1218.57
C04653,30,4,1370.92
C04654,26,10,1961.33
C04655,802,1,484.29
C04656,881,1,98.37
C04657,65,9,3079.94
C04658,450,3,1152.86
C04659,75,4,719.06
C04660,393,6,1612.96
C04661,126,3,714.22
C04662,122,6,1642.3400000000001
C04663,234,3,267.16
C04664,11,10,2450.21
C04665,156,16,3901.0
C04666,122,4,1526.6599999999999
C04667,23,1,177.15
C04668,21,13,2986.76
C04669,145,5,1396.57
C04670,37,9,1993.57
C04671,479,2,247.89
C04672,50,8,1711.0700000000002
C04673,260,6,1635.45
C04675,654,1,345.34
C04676,185,13,3573.52
C04678,47,11,2585.61
C04679,278,6,1465.46
C04680,510,4,824.84
C04681,308,2,857.89
C04683,129,14,2940.92
C04684,88,2,488.78
C04685,33,6,1651.92
C04686,399,2,329.76
C04687,247,2,544.31
C04689,266,7,1898.8600000000001
C04690,3,23,6735.0
C04691,600,1,412.96
C04692,254,3,1125.35
C04693,248,3,788.02
C04695,61,5,1748.33
C04696,5,8,2351.75
C04697,702,1,128.6
C04698,285,3,362.32000000000005
C04700,1,17,4974.65
C04701,224,3,727.72
C04703,113,6,1091.8799999999999
C04704,531,3,673.06
C04705,115,4,1115.38
C04706,26,3,1181.74
C04707,251,5,664.17
C04708,845,1,74.92
C04709,285,7,2596.93
C04710,431,8,2752.34
C04711,271,1,464.8
C04712,344,2,378.96000000000004
C04713,929,2,389.19
C04714,457,3,628.83
C04715,5,5,1666.3899999999999
C04716,41,1,325.22
C04717,263,5,1194.48
C04718,2,28,6487.06
C04719,452,2,629.83
C04720,257,12,3480.3
C04721,491,3,749.24
C04723,65,3,891.54
C04724,634,1,278.75
C04725,581,1,420.42
C04727,154,14,3688.9700000000003
C04728,163,10,2341.88
C04729,1,5,1069.3
C04730,566,1,361.42
C04731,678,1,176.55
C04733,203,6,2177.25
C04734,121,18,4416.07
C04735,714,3,910.6
C04737,497,7,1841.13
C04738,224,2,281.3
C04739,506,3,1018.66
C04740,204,4,1015.12
C04741,6,4,1192.18
C04744,3,27,7708.45
C04749,623,1,287.63
C04750,456,4,301.68
C04751,461,3,879.22
C04753,15,7,1378.99
C04754,361,4,857.4300000000001
C04755,291,11,2932.7799999999997
C04756,19,8,2012.45
C04758,86,7,1579.32
C04759,390,4,1686.35
C04760,68,16,3471.12
C04761,76,1,346.31
C04762,48,26,7244.82
C04763,159,8,2177.35
C04764,373,2,210.1
C04765,180,5,981.2199999999999
C04766,7,18,5546.91
C04767,299,5,1173.79
C04769,115,3,1158.33
C04770,801,1,221.41
C04772,324,1,456.48
C04773,529,2,614.81
C04774,11,6,1400.49
C04775,519,2,556.7
C04776,10,12,2583.7799999999997
C04778,93,3,965.97
C04779,743,1,375.94
C04780,844,1,276.58
C04783,1,3,725.98
C04785,596,2,351.71999999999997
C04787,158,10,3256.73
C04788,6,13,3351.91
C04789,37,3,714.23
C04790,744,1,139.96
C04792,22,17,3981.19
C04794,183,1,197.98
C04795,797,1,128.48
C04796,439,1,457.08
C04798,2,6,1407.57
C04799,122,2,346.03000000000003
C04800,202,7,1934.55
C04803,334,8,1854.17
C04804,721,2,267.68
C04805,196,3,965.76
C04806,16,2,672.64
C04808,136,15,3998.57
C04809,429,2,285.28
C04810,257,8,1657.15
C04811,444,1,25.14
C04812,192,7,1462.96
C04814,12,2,608.88
C04815,248,4,835.25
C04816,275,5,770.89
C04817,6,12,3098.59
C04818,15,5,858.87
C04819,41,8,1826.06
C04821,196,2,443.13
C04824,74,2,507.99
C04825,278,5,1378.13
C04826,457,2,533.19
C04827,138,12,3075.0099999999998
C04828,142,1,105.74
C04829,87,3,873.96
C04830,719,3,611.22
C04831,48,6,1277.26
C04832,67,6,1348.69
C04833,53,10,2506.86
C04835,6,3,860.46
C04837,234,1,373.52
C04838,244,7,1958.45
C04840,114,1,478.0
C04841,54,11,3049.8
C04842,33,10,2660.32
C04843,918,1,256.94
C04845,452,2,609.8399999999999
C04846,255,3,640.28
C04847,19,18,4613.52
C04849,167,8,2110.04
C04851,48,14,3707.36
C04853,3,13,2734.61
C04854,237,3,1007.0999999999999
C04855,144,5,1431.47
C04856,665,3,662.29
C04858,164,11,3712.92
C04859,41,23,5660.42
C04860,286,8,2386.73
C04861,101,6,1688.52
C04862,11,5,1288.93
C04864,345,2,259.3
C04866,96,5,949.0
C04867,327,4,1033.44
C04869,594,3,573.8299999999999
C04870,143,6,1193.82
C04871,371,3,940.3199999999999
C04872,254,1,445.54
C04874,119,2,800.6600000000001
C04875,611,2,467.0
C04876,112,3,971.64
C04877,111,5,740.6899999999999
C04878,170,5,1439.54
C04879,661,2,132.76
C04880,127,13,3170.15
C04882,598,4,1105.31
C04883,45,8,1406.1799999999998
C04884,672,2,782.3900000000001
C04885,32,3,994.0799999999999
C04886,83,9,1519.4
C04888,202,6,1593.5
C04890,47,4,1101.63
C04891,270,1,34.66
C04893,152,4,1348.44
C04895,221,2,361.73
C04896,403,1,471.32
C04897,467,1,90.24
C04898,925,2,663.04
C04900,83,11,2660.18
C04902,377,4,602.55
C04904,626,2,636.52
C04905,92,9,2115.7
C04906,370,1,310.24
C04907,15,19,5640.85
C04908,255,1,478.64
C04909,104,10,2346.55
C04911,277,10,2478.02
C04912,3,4,1015.6700000000001
C04913,388,1,22.93
C04914,208,1,415.2
C04916,117,14,3412.85
C04917,771,1,345.39
C04918,18,4,1320.6
C04919,65,5,991.19
C04921,29,15,3675.02
C04922,39,5,1128.56
C04923,16,3,727.47
C04924,105,10,1255.29
C04926,599,1,170.94
C04927,490,3,1015.3199999999999
C04929,11,7,2162.44
C04930,125,11,2895.75
C04931,625,2,548.03
C04932,100,2,632.0699999999999
C04933,35,20,5598.09
C04934,70,6,1447.22
C04935,72,4,1328.65
C04936,468,2,970.23
C04937,9,18,5072.25
C04938,503,1,487.37
C04939,601,4,1047.34
C04940,298,4,1049.11
C04942,461,3,407.20000000000005
C04943,147,5,657.3199999999999
C04945,136,9,1866.75
C04946,42,10,2943.46
C04947,320,4,1017.65
C04948,100,8,2001.3
C04949,196,6,1040.88
C04950,10,11,3513.73
C04951,151,1,493.54
C04953,428,1,332.86
C04954,101,6,1162.82
C04955,111,5,714.25
C04956,10,9,3162.99
C04957,711,1,456.19
C04958,804,1,435.95
C04960,125,4,941.2
C04961,680,3,932.88
C04963,360,2,303.01
C04964,126,9,2839.96
C04965,327,5,1525.76
C04966,25,2,565.0
C04967,130,10,3528.0
C04968,17,8,2135.8
C04969,13,16,3985.9
C04970,913,1,257.8
C04971,272,1,44.23
C04972,253,9,2288.45
C04973,273,5,1574.81
C04974,166,6,1545.4
C04975,326,2,307.01
C04976,920,1,64.73
C04978,225,3,296.72
C04981,86,10,3284.96
C04982,263,1,257.11
C04983,133,5,1567.26
C04984,315,6,773.33
C04985,101,6,976.24
C04987,100,9,2457.59
C04988,289,4,795.18
C04989,18,9,2333.18
C04990,97,11,2729.69
C04991,84,19,6561.75
C04992,91,3,1162.76
C04993,196,4,1009.56
C04994,131,7,1796.9299999999998
C04995,782,1,284.82
C04996,119,8,1305.83
C04998,70,4,771.11
C04999,80,8,1950.77
C05000,28,2,458.14
